ID;name;team_code;nationality;position;overall;potential;value;wage;age;height;weight;preferredFoot;weakFoot;skillMoves;acceleration;sprintSpeed;agility;finishing;shotPower;shortPassing;longPassing;ballControl;dribbling;standingTackle;stamina;strength;gkDiving;gkHandling;gkReflexes
209331;M. Salah;LIV;Egypt;RM;91;91;82000000;370000;33;175;72;Left;3;4;88;89;86;94;83;88;81;90;90;43;88;75;14;14;14
231747;K. Mbappé;RMA;France;ST;91;94;173500000;610000;26;182;75;Right;4;5;97;97;93;92;91;87;74;93;92;34;83;77;13;5;6
231443;O. Dembélé;PSG;France;ST;90;90;122500000;220000;28;178;67;Left;5;5;93;89;94;90;91;89;78;94;94;49;76;69;6;6;13
203376;V. van Dijk;LIV;Netherlands;CB;90;90;57000000;230000;33;193;92;Right;3;2;66;78;54;52;81;80;83;77;70;91;75;93;13;10;11
239085;E. Haaland;MCI;Norway;ST;90;92;157000000;260000;24;195;94;Left;3;3;79;92;71;94;94;77;66;82;79;47;76;93;7;14;7
252371;J. Bellingham;RMA;England;CAM;90;94;174500000;320000;22;186;75;Right;4;4;81;80;83;88;86;90;89;91;91;79;94;80;14;11;8
231866;Rodri;MCI;Spain;CDM;90;90;102000000;270000;29;190;82;Right;4;3;65;65;66;74;92;93;91;90;84;87;91;83;10;10;8
255253;Vitinha;PSG;Portugal;CM;89;91;128500000;170000;25;172;64;Right;3;4;75;69;91;80;77;90;89;88;91;79;87;59;12;13;5
202126;H. Kane;BAY;England;ST;89;89;87000000;155000;31;188;86;Right;4;3;62;66;67;93;91;86;79;87;80;44;76;86;8;10;11
230621;G. Donnarumma;MCI;Italy;GK;89;91;97000000;150000;26;196;90;Right;3;1;50;55;57;12;53;36;34;30;28;14;41;75;90;83;90
212831;Alisson;LIV;Brazil;GK;89;89;51000000;140000;32;193;91;Right;3;1;60;49;40;13;65;60;58;42;27;19;32;78;86;85;89
277643;Lamine Yamal;BAR;Spain;RM;89;95;147000000;100000;17;180;72;Left;3;5;88;83;93;83;83;88;84;90;92;20;73;45;9;13;7
238794;Vini Jr.;RMA;Brazil;LW;89;92;141000000;320000;24;176;73;Right;4;5;95;95;94;88;81;83;77;90;93;25;84;65;5;7;10
212622;J. Kimmich;BAY;Germany;CDM;89;89;86000000;140000;30;177;75;Right;4;3;75;70;83;68;78;89;92;86;82;86;92;69;8;15;15
233419;Raphinha;BAR;Brazil;LM;89;89;104000000;200000;28;176;68;Left;4;4;90;91;88;87;83;85;80;88;88;54;91;65;8;7;14
192119;T. Courtois;RMA;Belgium;GK;89;89;33500000;220000;33;200;96;Left;3;1;42;52;63;14;57;33;35;23;13;18;38;70;85;89;90
235212;A. Hakimi;PSG;Morocco;RB;89;90;111000000;170000;26;181;73;Right;4;4;89;95;81;80;82;86;73;85;82;85;95;72;10;8;8
251854;Pedri;BAR;Spain;CM;89;93;149500000;170000;22;174;60;Right;4;4;79;76;89;77;68;90;88;91;91;85;90;73;12;7;8
256630;F. Wirtz;LIV;Germany;CAM;89;93;150500000;190000;22;177;71;Right;4;4;82;79;88;84;78;91;87;92;90;49;87;59;14;14;10
239053;F. Valverde;RMA;Uruguay;CM;89;90;120500000;340000;26;182;74;Right;4;3;84;92;77;80;91;88;88;88;84;87;93;82;6;10;8
231478;L. Martínez;INT;Argentina;ST;88;88;99000000;79000;27;174;72;Right;4;4;83;80;88;93;87;78;72;84;81;50;86;80;11;8;13
233731;A. Isak;LIV;Sweden;ST;88;89;111000000;200000;25;192;77;Right;4;4;86;80;73;91;91;79;60;87;88;34;82;79;7;6;11
232580;Gabriel;ARS;Brazil;CB;88;88;84000000;230000;27;190;87;Left;2;2;61;67;51;37;62;79;76;71;64;88;71;89;12;8;7
188545;R. Lewandowski;BAR;Poland;ST;88;88;31000000;155000;36;185;81;Right;4;4;73;74;77;92;89;84;70;88;84;42;76;89;15;6;10
200389;J. Oblak;ATL;Slovenia;GK;88;88;45000000;87000;32;188;87;Right;3;1;42;53;64;11;59;43;40;30;12;14;42;78;85;90;87
256790;J. Musiala;BAY;Germany;CAM;88;92;133500000;110000;22;184;72;Right;4;5;85;75;94;86;80;87;79;85;94;66;73;61;6;9;11
246669;B. Saka;ARS;England;RW;88;90;118500000;230000;23;178;65;Left;4;3;87;81;85;84;79;85;77;88;89;62;86;68;7;8;13
207865;Marquinhos;PSG;Brazil;CB;87;87;54500000;145000;31;183;75;Right;3;3;75;80;68;59;65;84;85;79;69;89;79;79;6;6;13
243715;W. Saliba;ARS;France;CB;87;89;92000000;180000;24;193;85;Right;3;2;76;78;53;35;60;80;77;77;74;90;72;88;7;10;11
224232;N. Barella;INT;Italy;CM;87;87;79500000;69000;28;175;68;Right;4;3;82;78;91;77;80;89;87;87;84;85;89;66;11;5;11
239837;A. Mac Allister;LIV;Argentina;CM;87;88;93000000;180000;26;176;72;Right;3;3;68;64;82;79;88;88;87;86;84;83;87;69;7;10;10
234378;D. Rice;ARS;England;CDM;87;88;83500000;210000;26;185;80;Right;3;3;71;73;63;64;87;86;86;84;82;86;92;78;8;11;9
222665;M. Ødegaard;ARS;Norway;CM;87;89;98000000;220000;26;178;68;Left;2;5;68;68;85;79;82;90;88;88;87;72;88;55;14;15;10
177683;Y. Sommer;INT;Switzerland;GK;87;87;9000000;26000;36;183;77;Right;4;1;48;54;57;13;64;46;38;30;22;20;45;68;83;82;89
232293;V. Osimhen;GAL;Nigeria;ST;87;89;100000000;110000;26;186;77;Right;4;3;91;92;79;88;86;72;54;84;80;45;81;91;14;14;6
215441;S. Guirassy;BVB;Guinea;ST;87;87;79500000;105000;29;187;82;Right;4;3;74;71;76;90;91;83;72;86;83;44;84;85;11;8;8
237383;A. Bastoni;INT;Italy;CB;87;89;87000000;63000;26;190;75;Left;2;2;71;77;64;39;59;82;84;82;74;90;81;81;11;5;12
241486;J. Koundé;BAR;France;RB;87;88;85500000;155000;26;180;75;Right;3;3;85;83;70;47;48;82;75;81;78;86;87;85;11;10;13
220901;David Raya;ARS;Spain;GK;87;87;54500000;145000;29;183;75;Right;3;1;64;59;68;19;65;62;67;43;19;14;31;38;86;84;87
213331;J. Tah;BAY;Germany;CB;87;87;66500000;115000;29;195;94;Right;3;2;53;71;49;32;60;78;68;70;60;89;76;91;11;8;14
215698;M. Maignan;ACM;France;GK;87;88;61000000;61000;29;191;89;Right;4;1;65;62;60;15;64;64;61;40;30;18;39;83;84;83;88
247635;K. Kvaratskhelia;PSG;Georgia;LW;87;90;109000000;140000;24;183;70;Right;5;5;85;86;86;81;78;87;78;88;89;62;83;76;9;15;8
192985;K. De Bruyne;NAP;Belgium;CM;87;87;36500000;175000;34;181;75;Right;5;4;65;66;68;78;90;92;93;89;85;70;66;74;15;13;13
256079;M. Caicedo;CHE;Ecuador;CDM;87;89;93000000;170000;23;178;73;Right;3;3;76;66;80;57;75;85;84;83;79;86;90;77;15;6;13
257534;C. Palmer;CHE;England;CAM;87;90;109000000;185000;23;185;76;Left;3;4;76;75;80;82;85;87;86;89;87;50;83;60;7;6;14
241651;V. Gyökeres;ARS;Sweden;ST;87;88;93000000;240000;27;189;94;Right;4;3;88;92;82;88;88;78;58;83;80;34;93;91;10;13;8
228702;F. de Jong;BAR;Netherlands;CM;87;87;79500000;170000;28;181;74;Right;3;4;80;83;87;75;68;90;87;88;86;78;87;73;7;13;9
212198;Bruno Fernandes;MUN;Portugal;CAM;87;87;77000000;165000;30;179;69;Right;4;4;68;66;78;80;86;90;90;87;82;71;95;61;12;14;14
246191;J. Alvarez;ATL;Argentina;ST;87;90;107000000;125000;25;170;71;Right;4;4;86;85;87;88;88;83;78;88;87;55;85;72;6;10;6
247851;Bruno Guimarães;NEW;Brazil;CM;86;87;77500000;190000;27;182;74;Right;2;3;66;66;73;73;76;88;88;86;86;82;90;76;7;11;11
240638;T. Reijnders;MCI;Netherlands;CM;86;87;79500000;190000;26;185;73;Right;4;4;83;75;82;78;85;87;84;88;84;80;92;69;6;10;9
208128;H. Çalhanoğlu;INT;Türkiye;CDM;86;86;47500000;61000;31;178;69;Right;5;4;74;68;83;75;87;90;89;87;78;85;81;65;9;14;10
252145;Nuno Mendes;PSG;Portugal;LB;86;89;86000000;110000;23;180;70;Left;4;3;94;95;87;61;80;80;72;82;81;86;83;73;7;8;15
211110;P. Dybala;ROM;Argentina;CAM;86;86;56500000;105000;31;177;75;Left;3;5;84;76;88;85;84;84;79;88;87;42;76;63;5;4;8
235073;G. Kobel;BVB;Switzerland;GK;86;89;66500000;52000;27;195;88;Right;3;1;38;52;37;10;48;39;33;34;24;15;30;81;87;83;87
205452;A. Rüdiger;RMA;Germany;CB;86;86;44000000;260000;32;190;85;Right;3;2;70;87;56;40;84;83;81;74;69;85;70;91;14;15;8
158023;L. Messi;IN2;Argentina;RW;86;86;22000000;17000;38;169;67;Left;4;4;84;73;84;84;84;85;84;94;89;35;70;68;6;11;8
231281;T. Alexander-Arnold;RMA;England;RB;86;87;73000000;250000;26;180;69;Right;4;3;72;79;73;64;85;87;91;85;79;82;89;68;14;15;7
241096;S. Tonali;NEW;Italy;CDM;86;88;76500000;175000;25;181;79;Right;4;3;78;79;76;69;85;86;83;85;78;84;83;82;13;9;7
256196;W. Pacho;PSG;Ecuador;CB;86;89;83000000;110000;23;188;81;Left;3;2;74;84;63;30;46;77;69;69;52;88;78;89;9;12;10
247827;M. Olise;BAY;France;RM;86;88;88000000;95000;23;184;73;Left;2;4;83;73;90;83;78;86;79;86;88;58;85;57;9;11;10
239818;Rúben Dias;MCI;Portugal;CB;86;87;64500000;190000;28;187;82;Right;4;2;55;62;62;29;74;81;79;75;64;87;71;89;7;8;12
256516;Nico Williams;ATH;Spain;LM;86;89;94500000;70000;22;181;67;Right;5;4;94;92;92;79;78;82;74;85;88;28;81;61;9;13;14
192448;M. ter Stegen;BAR;Germany;GK;86;86;22000000;95000;33;187;85;Right;4;1;45;50;39;14;67;61;63;30;21;13;35;78;84;84;85
237678;I. Konaté;LIV;France;CB;86;87;70000000;155000;26;194;95;Right;3;3;69;83;55;29;45;79;76;76;68;87;75;91;9;7;15
204525;Iñigo Martínez;ALN;Spain;CB;85;85;17500000;74000;34;182;76;Left;3;2;70;72;66;42;82;83;83;78;60;87;69;82;12;16;11
226268;F. Dimarco;INT;Italy;LB;85;85;52000000;54000;27;175;76;Left;4;3;83;78;84;74;81;84;83;86;79;81;84;72;9;8;7
185122;P. Gulácsi;RBL;Hungary;GK;85;85;6000000;35000;35;193;86;Right;2;1;42;44;41;10;56;35;31;25;19;16;37;74;83;83;84
237238;S. McTominay;NAP;Scotland;CM;85;85;54000000;150000;28;193;88;Right;3;3;70;80;55;84;86;84;81;85;84;81;92;82;9;6;11
194765;A. Griezmann;ATL;France;ST;85;85;26000000;115000;34;176;67;Left;3;4;80;75;88;86;85;86;83;90;86;63;77;70;14;8;14
241084;L. Díaz;BAY;Colombia;LM;85;85;54500000;100000;28;180;73;Right;4;4;88;88;88;83;85;77;72;87;89;47;87;69;10;13;14
244260;Dani Olmo;BAR;Spain;CAM;85;86;62000000;140000;27;179;72;Right;4;4;78;69;86;80;79;87;81;87;87;50;65;54;15;15;11
272834;João Neves;PSG;Portugal;CM;85;90;79500000;90000;20;174;66;Right;4;3;77;71;84;69;78;86;86;86;83;83;92;78;8;7;13
20801;Cristiano Ronaldo;ALN;Portugal;ST;85;85;0;58000;40;187;85;Right;4;5;73;78;76;88;91;76;70;85;77;32;77;80;7;11;11
200104;H. Son;LOS;Korea Republic;LW;85;85;43000000;21000;32;183;78;Right;5;4;85;83;79;84;88;83;72;85;84;34;87;69;11;13;10
247819;N. Schlotterbeck;BVB;Germany;CB;85;88;63500000;72000;25;191;86;Left;2;2;77;72;68;51;81;78;86;71;74;87;74;85;8;10;13
243812;Rodrygo;RMA;Brazil;RW;85;90;81500000;220000;24;174;64;Right;4;4;89;87;86;83;76;79;73;87;88;34;81;59;9;8;5
215914;N. Kanté;ALI;France;CDM;85;85;18500000;74000;34;168;70;Right;3;2;80;74;78;64;71;79;77;80;78;90;89;72;15;12;10
199503;G. Xhaka;SUN;Switzerland;CDM;85;85;36000000;105000;32;186;80;Left;3;3;40;53;51;67;89;89;90;82;73;79;84;78;7;8;13
229558;D. Upamecano;BAY;France;CB;85;88;62500000;95000;26;186;90;Right;3;3;76;78;66;39;64;79;78;76;72;84;73;87;6;7;9
246104;R. Gravenberch;LIV;Netherlands;CDM;85;88;66500000;125000;23;190;77;Right;4;4;76;76;76;78;79;86;82;87;88;82;85;80;12;8;12
230869;Unai Simón;ATH;Spain;GK;85;86;43000000;48000;28;190;89;Right;3;1;48;50;37;14;57;38;34;16;12;18;44;76;84;80;85
165153;K. Benzema;ALI;France;ST;85;85;18500000;64000;37;185;81;Right;4;4;74;76;77;86;85;86;76;86;84;24;78;81;13;11;7
193080;De Gea;FIO;Spain;GK;85;85;9000000;55000;34;192;76;Right;2;1;47;45;60;13;53;40;39;32;18;20;30;38;85;78;87
204963;Carvajal;RMA;Spain;RB;85;85;28000000;240000;33;173;73;Right;3;3;81;80;78;56;68;84;74;84;78;84;84;74;13;13;15
239580;Bremer;JUV;Brazil;CB;85;86;51000000;170000;28;187;84;Right;2;2;78;86;65;49;68;75;69;68;62;87;65;84;13;15;6
202811;E. Martínez;AVL;Argentina;GK;85;85;26500000;105000;32;195;88;Right;4;1;55;57;54;16;62;61;59;43;24;20;40;78;83;82;85
271421;D. Doué;PSG;France;RW;85;91;83500000;100000;20;181;79;Right;4;5;85;82;88;78;86;81;74;89;91;60;80;77;9;12;13
210257;Ederson;FEN;Brazil;GK;85;85;28500000;57000;31;188;86;Left;3;1;64;63;60;14;68;65;68;45;30;15;44;78;83;82;83
216393;Y. Tielemans;AVL;Belgium;CM;85;85;54000000;170000;28;176;72;Right;4;4;51;57;62;77;85;87;88;86;79;77;87;69;6;8;12
243014;B. Mbeumo;MUN;Cameroon;RW;85;86;64500000;135000;25;171;75;Left;2;4;90;87;90;87;83;80;69;84;83;41;85;71;7;14;14
234236;P. Schick;B04;Czechia;ST;85;85;54000000;135000;29;191;87;Left;3;3;72;72;80;86;85;78;64;83;81;29;69;85;11;15;14
226271;Fabián Ruiz;PSG;Spain;CM;85;85;52500000;130000;29;189;70;Left;3;3;61;61;66;76;78;85;83;86;82;79;84;67;16;11;13
237692;P. Foden;MCI;England;RW;85;88;71500000;180000;25;171;70;Left;3;4;83;79;92;82;89;82;81;89;89;59;83;41;8;15;13
228093;M. Thuram;INT;France;ST;85;85;58500000;61000;27;192;80;Right;4;3;84;88;78;85;84;80;70;81;85;48;83;79;11;13;15
264652;B. Barcola;PSG;France;LW;84;88;61500000;110000;22;188;70;Right;4;4;88;91;88;80;74;83;64;84;86;39;74;64;8;8;6
223848;S. Milinković-Savić;ALH;Serbia;CM;84;84;40500000;70000;30;192;95;Right;5;4;60;64;58;81;82;82;86;87;84;76;92;90;7;10;7
232656;T. Hernández;ALH;France;LB;84;85;44500000;65000;27;184;81;Left;3;4;88;92;83;71;86;81;70;84;83;84;87;80;12;10;7
245367;X. Simons;TOT;Netherlands;CAM;84;87;58500000;125000;22;179;58;Right;3;4;83;72;90;79;78;84;79;86;87;62;82;62;9;11;10
218667;Bernardo Silva;MCI;Portugal;CM;84;84;40500000;165000;30;173;65;Left;3;4;68;55;93;78;79;86;82;88;88;76;90;47;9;10;9
186153;W. Szczęsny;BAR;Poland;GK;84;84;4700000;49000;35;196;90;Right;3;1;49;46;55;12;56;51;66;22;11;13;45;65;82;83;84
226161;Marcos Llorente;ATL;Spain;RB;84;84;36500000;95000;30;184;74;Right;4;3;87;91;83;80;84;81;80;82;81;82;92;77;13;6;15
247090;E. Fernández;CHE;Argentina;CM;84;87;57000000;140000;24;178;76;Right;4;3;68;68;75;72;82;88;89;85;80;75;85;67;8;6;10
212616;R. De Paul;IN2;Argentina;CM;84;84;34500000;100000;31;180;70;Right;3;4;74;76;77;75;82;85;84;85;84;80;88;79;13;12;14
244675;Sancet;ATH;Spain;CAM;84;88;58500000;66000;25;188;77;Right;4;4;74;77;84;85;83;84;80;85;85;70;86;80;15;11;7
256675;O. Marmoush;MCI;Egypt;ST;84;85;50500000;175000;26;183;81;Right;3;4;87;90;89;87;85;85;63;86;87;30;76;67;11;13;11
222077;M. Locatelli;JUV;Italy;CDM;84;85;43000000;150000;27;185;75;Right;4;3;61;65;65;58;79;85;84;81;76;85;89;71;11;12;15
220697;J. Maddison;TOT;England;CM;84;84;42000000;145000;28;175;73;Right;4;4;70;65;82;80;83;86;86;87;86;68;78;56;11;14;14
233096;D. Dumfries;INT;Netherlands;RB;84;84;37000000;51000;29;188;80;Right;3;2;78;88;69;75;74;80;74;82;80;79;88;81;10;10;14
210035;Grimaldo;B04;Spain;LM;84;84;41500000;110000;29;171;68;Left;2;4;76;68;84;67;84;86;86;86;84;75;91;54;7;13;13
210514;João Cancelo;ALH;Portugal;RB;84;84;30500000;68000;31;182;74;Right;4;4;88;78;79;69;80;86;79;86;85;81;88;65;6;9;14
239231;Marc Cucurella;CHE;Spain;LB;84;85;45500000;155000;26;174;66;Left;3;3;77;74;82;61;73;82;79;80;78;84;89;70;13;7;11
262621;G. Mamardashvili;LIV;Georgia;GK;84;87;45000000;67000;24;199;88;Left;3;1;48;48;40;9;54;20;20;22;11;12;45;74;84;81;84
204638;W. Orban;RBL;Hungary;CB;84;84;27500000;81000;32;186;89;Right;3;2;48;65;48;44;45;74;68;59;52;88;74;85;15;12;6
221697;O. Watkins;AVL;England;ST;84;84;42000000;170000;29;180;70;Right;4;3;77;77;78;85;84;79;64;79;81;46;88;76;14;14;10
241721;Rafael Leão;ACM;Portugal;LW;84;85;49500000;79000;26;188;81;Right;4;5;93;93;84;82;80;83;70;86;87;24;75;79;10;12;9
198176;S. de Vrij;INT;Netherlands;CB;84;84;20000000;51000;33;189;78;Right;3;2;63;61;60;25;65;83;74;74;66;87;70;74;8;10;13
242516;C. Gakpo;LIV;Netherlands;LM;84;85;49500000;140000;26;189;76;Right;4;4;85;82;75;81;88;81;75;85;86;48;76;75;15;11;5
199845;F. Acerbi;INT;Italy;CB;84;84;7500000;38000;37;192;88;Left;3;3;61;54;39;37;75;79;82;72;65;87;73;84;11;9;11
216549;A. Sørloth;ATL;Norway;ST;84;84;42000000;105000;29;195;94;Left;4;3;72;81;56;85;86;78;59;82;77;23;84;90;15;12;8
248550;Vivian;ATH;Spain;CB;84;87;49500000;62000;25;183;83;Right;2;2;76;81;66;52;62;79;75;76;70;85;77;83;9;8;8
204935;J. Pickford;EVE;England;GK;84;84;22500000;45000;31;185;77;Left;4;1;57;47;59;19;66;59;61;42;20;20;40;72;84;78;87
234577;Diogo Costa;FCP;Portugal;GK;84;89;49500000;14000;25;187;84;Right;2;1;33;39;42;6;62;50;55;30;18;13;28;63;83;78;86
257279;Álex Baena;ATL;Spain;LM;84;89;63500000;82000;23;174;70;Right;4;3;79;79;80;77;77;87;82;84;83;66;78;60;6;11;11
241637;A. Tchouaméni;RMA;France;CDM;84;87;50500000;200000;25;187;81;Right;3;3;73;70;72;65;78;85;84;81;78;83;83;82;9;8;7
204485;R. Mahrez;ALA;Algeria;RM;84;84;20000000;70000;34;179;67;Left;4;5;81;76;91;80;82;82;74;89;87;34;79;60;15;9;6
226851;B. Pavard;OLY;France;CB;84;84;35500000;51000;29;186;81;Right;3;3;74;76;71;60;80;83;81;79;71;89;80;76;9;7;15
251517;J. Gvardiol;MCI;Croatia;LB;84;87;53500000;130000;23;185;80;Left;5;3;77;79;68;68;81;81;76;80;78;85;81;80;5;8;11
241852;M. Diaby;ALI;France;RM;84;85;50500000;65000;25;170;67;Left;3;4;95;95;92;79;74;79;74;84;89;36;82;37;8;9;14
220502;M. Zaccagni;LAZ;Italy;LM;84;84;40500000;58000;30;177;63;Right;4;4;90;87;92;79;78;80;77;87;88;58;81;59;13;16;7
167495;M. Neuer;BAY;Germany;GK;84;84;4700000;28000;39;193;93;Right;4;1;29;35;51;13;68;60;67;44;30;10;43;80;81;81;81
231521;E. Palacios;B04;Argentina;CM;84;86;52000000;110000;26;178;69;Right;4;3;72;53;78;74;81;86;84;84;82;84;68;67;10;5;6
234396;A. Davies;BAY;Canada;LB;84;87;53500000;74000;24;185;77;Left;3;4;95;93;84;64;74;84;71;85;85;74;79;75;11;11;14
197781;Isco;REA;Spain;CAM;84;84;26500000;52000;33;176;79;Right;4;4;67;65;84;80;78;86;83;86;86;62;67;55;10;8;6
192505;R. Lukaku;NAP;Belgium;ST;84;84;34000000;150000;32;191;94;Left;4;3;71;86;55;84;86;80;70;80;76;40;74;94;8;15;10
224293;Rúben Neves;ALH;Portugal;CDM;84;85;40500000;68000;28;180;83;Right;4;3;58;57;64;66;86;88;88;84;74;79;80;74;16;12;10
252154;M. Carnesecchi;ATA;Italy;GK;84;88;46000000;55000;25;191;83;Right;3;1;24;39;40;8;53;36;31;21;14;17;28;55;86;83;86
227796;C. Pulisic;ACM;United States;RW;84;84;46000000;79000;26;178;73;Right;5;4;90;86;88;85;81;81;75;86;86;42;76;57;8;12;14
240130;Éder Militão;RMA;Brazil;CB;84;87;48000000;210000;27;186;79;Right;3;2;80;83;66;48;62;78;76;72;70;85;85;79;11;8;15
230899;A. Lookman;ATA;Nigeria;ST;84;84;45500000;105000;27;174;71;Right;4;4;90;83;93;87;86;80;62;88;89;23;73;63;12;12;6
208920;N. Aké;MCI;Netherlands;CB;83;83;30000000;145000;30;180;75;Left;3;2;73;71;67;48;64;80;75;79;73;84;64;76;10;7;10
212194;J. Brandt;BVB;Germany;CAM;83;83;35500000;70000;29;185;83;Right;4;4;67;79;83;77;82;85;83;85;84;29;85;72;11;16;9
217870;G. Di Lorenzo;NAP;Italy;RB;83;83;26500000;120000;31;183;82;Right;4;3;83;85;76;72;75;76;72;78;76;81;90;74;8;10;7
247394;D. Kulusevski;TOT;Sweden;CM;83;86;47500000;125000;25;186;80;Left;3;4;77;72;77;82;78;86;78;86;88;66;91;80;14;5;5
199641;M. Sels;NOT;Belgium;GK;83;83;12000000;78000;33;188;75;Right;2;1;37;35;36;16;59;48;53;33;19;15;26;67;82;80;83
248243;E. Camavinga;RMA;France;CM;83;90;73500000;175000;22;185;77;Left;3;4;81;80;82;64;75;86;84;86;84;82;84;79;12;6;12
244263;A. Rrahmani;NAP;Kosovo;CB;83;83;25000000;120000;31;192;75;Right;4;2;54;82;48;43;60;74;68;71;59;82;71;80;12;8;7
231936;B. White;ARS;England;RB;83;83;35000000;150000;27;185;77;Right;4;2;68;71;68;30;53;80;79;79;74;84;78;77;8;11;6
224371;J. Bowen;WHU;England;RM;83;83;36500000;100000;28;175;70;Left;4;4;78;74;79;84;80;80;73;82;82;41;83;66;14;8;7
177003;L. Modrić;ACM;Croatia;CM;83;83;11500000;47000;39;172;67;Right;4;4;72;65;89;68;79;87;86;88;84;70;69;58;13;9;9
243580;L. Openda;JUV;Belgium;ST;83;85;46000000;77000;25;175;79;Right;4;3;94;96;83;84;85;75;59;81;79;23;83;80;9;8;13
207421;L. Trossard;ARS;Belgium;LW;83;83;35000000;175000;30;171;67;Right;5;4;87;75;92;83;83;82;77;84;84;31;76;55;14;8;7
236987;B. Kamara;AVL;France;CDM;83;85;41000000;125000;25;184;68;Right;3;3;62;65;66;47;67;84;77;80;73;86;81;79;8;12;11
215590;Ayoze;VIL;Spain;ST;83;83;30500000;65000;31;178;66;Right;4;4;87;86;80;86;81;84;75;83;84;61;70;60;12;12;8
238095;N. Milenković;NOT;Serbia;CB;83;84;36500000;115000;27;195;90;Right;3;2;62;53;40;38;60;73;67;70;60;86;77;90;8;7;14
240950;Pedro Gonçalves;SPO;Portugal;CAM;83;83;38500000;32000;27;173;78;Right;4;4;79;76;82;84;78;85;80;84;84;65;81;62;15;11;8
244669;M. Hjulmand;SPO;Denmark;CDM;83;86;43000000;30000;26;185;78;Right;4;3;69;71;70;76;82;81;80;80;76;82;91;81;11;6;6
186942;İ. Gündoğan;GAL;Germany;CM;83;83;16500000;77000;34;180;80;Right;4;3;54;54;65;79;81;85;85;84;81;78;67;66;11;14;13
250959;A. Stiller;VFB;Germany;CDM;83;87;47500000;47000;24;183;77;Left;3;3;68;47;82;49;73;88;83;85;83;78;80;67;7;14;9
193698;O. Baumann;TSG;Germany;GK;83;83;4000000;21000;35;187;82;Right;2;1;37;41;45;11;59;34;30;17;19;18;39;69;83;81;83
229582;G. Mancini;ROM;Italy;CB;83;83;30500000;75000;29;190;77;Right;3;2;65;74;35;48;51;70;72;76;59;84;84;79;13;12;8
192629;Iago Aspas;RCC;Spain;RW;83;83;12000000;38000;37;176;67;Left;4;3;78;76;81;85;83;82;75;85;85;21;57;61;12;16;13
228813;Aleix García;B04;Spain;CM;83;83;36500000;100000;28;173;68;Right;3;3;67;64;79;75;78;85;88;87;84;77;68;65;16;8;7
259532;Joan García;BAR;Spain;GK;83;89;46500000;55000;24;191;79;Right;3;1;48;44;59;6;58;48;49;28;17;13;35;59;81;82;86
253149;J. Frimpong;LIV;Netherlands;RB;83;85;43500000;105000;24;172;65;Right;3;3;95;93;89;66;62;78;63;83;85;71;85;47;12;7;14
278016;Murillo;NOT;Brazil;CB;83;87;47500000;100000;22;180;75;Left;3;2;83;78;65;33;72;76;77;73;69;83;70;90;14;9;13
208722;S. Mané;ALN;Senegal;LM;83;83;22500000;64000;33;174;69;Right;4;4;81;83;86;81;85;81;71;85;84;42;80;72;10;10;14
248148;Zubimendi;ARS;Spain;CDM;83;87;45500000;150000;26;180;74;Right;4;3;67;66;74;69;65;83;83;83;77;82;85;67;7;6;13
209989;T. Partey;VIL;Ghana;CDM;83;83;24000000;57000;32;185;77;Right;3;3;53;63;63;66;85;85;84;81;80;84;76;84;11;13;7
216201;Iñaki Williams;ATH;Ghana;RM;83;83;30000000;64000;31;186;80;Right;3;4;93;94;78;82;86;76;65;80;83;48;88;84;14;15;13
216435;S. Lobotka;NAP;Slovakia;CM;83;83;34500000;125000;30;170;68;Right;4;3;76;67;75;68;69;85;85;85;81;81;88;61;10;7;14
242458;A. Dovbyk;ROM;Ukraine;ST;83;83;37000000;85000;28;189;78;Left;4;3;80;86;72;86;89;79;69;79;79;28;77;80;13;13;10
216460;J. Giménez;ATL;Uruguay;CB;83;83;30000000;86000;30;185;79;Right;3;2;68;77;60;37;73;75;72;70;55;85;71;85;9;11;15
207410;M. Kovačić;MCI;Croatia;CM;83;83;30000000;150000;31;178;77;Right;4;3;70;64;76;68;81;86;84;85;84;77;77;68;9;5;7
241850;M. Retegui;ALQ;Italy;ST;83;84;43500000;60000;26;186;86;Right;3;3;69;74;68;88;84;78;67;84;78;30;74;81;7;9;9
251752;L. Chevalier;PSG;France;GK;83;88;44000000;50000;23;189;84;Right;3;1;52;46;38;9;55;38;34;17;14;10;41;53;84;79;86
236610;M. Kean;FIO;Italy;ST;83;86;48500000;74000;25;183;72;Right;3;3;84;87;79;88;87;68;46;83;82;36;82;72;13;8;9
233486;R. Le Normand;ATL;Spain;CB;83;85;36500000;86000;28;187;80;Right;3;2;60;69;54;22;45;81;74;74;55;86;70;86;9;13;10
241461;Ferran Torres;BAR;Spain;LW;83;86;48000000;115000;25;184;77;Right;4;4;86;80;85;84;79;82;77;83;84;24;72;69;12;9;12
256197;P. Hincapié;ARS;Ecuador;CB;83;89;52000000;81000;23;184;77;Left;2;3;80;88;74;41;50;78;74;74;70;85;85;77;9;15;9
213345;K. Coman;ALN;France;LM;83;83;35500000;64000;29;181;75;Right;3;5;90;84;91;73;82;80;73;87;88;27;65;66;5;3;5
230481;Ronaldo Cabrais;BOT;Brazil;CAM;83;83;35500000;47000;29;177;75;Right;4;4;90;87;86;74;82;83;82;83;85;35;88;68;12;12;13
236772;D. Szoboszlai;LIV;Hungary;CAM;83;86;49500000;110000;24;186;74;Right;4;4;76;81;78;79;89;85;83;84;83;72;89;69;10;10;6
257289;H. Ekitiké;LIV;France;ST;83;88;55500000;120000;23;189;70;Right;3;4;85;87;80;79;82;82;57;86;87;35;86;69;8;8;12
229391;Palhinha;TOT;Portugal;CDM;83;83;31000000;82000;29;190;83;Right;4;2;54;58;51;66;81;77;77;76;75;86;79;86;14;10;7
263578;Balde;BAR;Spain;LB;83;87;49500000;80000;21;175;69;Left;4;3;90;91;81;51;55;82;72;81;80;80;77;68;5;8;13
235794;E. Eze;ARS;England;CAM;83;84;42000000;160000;27;178;67;Right;4;4;73;75;87;79;81;83;78;87;87;58;76;68;10;12;10
240243;Matheus Cunha;MUN;Brazil;CAM;83;85;45000000;115000;26;183;76;Right;4;4;78;76;76;85;87;81;75;87;85;41;82;73;8;7;11
247103;D. Hancko;ATL;Slovakia;CB;83;85;38500000;82000;27;188;82;Left;3;2;76;77;73;63;76;80;76;78;73;82;74;87;14;12;14
242964;A. Gordon;NEW;England;LW;83;86;49500000;135000;24;183;72;Right;3;3;89;92;78;81;78;79;66;83;85;56;87;61;5;6;8
227127;Álex Remiro;RE2;Spain;GK;83;84;27500000;38000;30;191;79;Right;4;1;44;46;70;13;60;36;29;26;19;17;42;73;83;78;84
253163;R. Araujo;BAR;Uruguay;CB;83;86;42000000;110000;26;188;79;Right;3;2;73;85;54;56;68;73;66;66;55;83;72;87;11;14;8
264240;Gavi;BAR;Spain;CM;83;89;56000000;85000;20;173;70;Right;3;3;77;75;86;71;56;84;82;85;86;78;84;58;8;10;13
192883;H. Mkhitaryan;INT;Armenia;CM;83;83;11500000;37000;36;177;75;Right;5;4;79;75;81;78;81;85;82;86;82;74;84;67;5;11;7
223959;L. Torreira;GAL;Uruguay;CDM;83;83;31000000;73000;29;166;60;Right;3;3;80;73;82;71;80;83;79;81;76;82;92;69;5;5;9
210008;A. Rabiot;ACM;France;CAM;83;83;35000000;71000;30;191;80;Left;3;3;75;86;69;79;83;85;80;84;81;79;94;82;9;12;15
225193;Mikel Merino;ARS;Spain;CM;83;83;35500000;160000;29;189;83;Left;3;3;64;63;63;80;85;84;80;84;82;82;82;78;9;12;14
246863;F. Nmecha;BVB;Germany;CDM;82;86;40000000;50000;24;194;80;Right;3;4;77;86;77;73;81;80;80;82;83;83;78;90;6;10;8
243241;A. Buongiorno;NAP;Italy;CB;82;86;37500000;105000;26;190;86;Left;3;2;65;72;59;36;65;74;70;71;60;84;78;78;13;11;12
183898;Á. Di María;ROS;Argentina;RW;82;82;10000000;21000;37;180;69;Left;2;5;72;73;84;76;82;85;81;89;85;46;65;57;10;7;11
209658;L. Goretzka;BAY;Germany;CM;82;82;29000000;78000;30;189;82;Right;4;3;72;81;74;76;83;85;84;82;80;83;69;87;13;8;9
234824;Y. Wissa;NEW;Congo DR;ST;82;82;31000000;150000;28;176;74;Right;3;3;83;87;83;85;82;76;61;80;80;24;78;68;14;7;15
235410;Y. En-Nesyri;FEN;Morocco;ST;82;82;31000000;76000;28;188;78;Left;3;3;73;83;71;83;83;76;58;79;76;31;80;80;13;9;13
243630;J. David;JUV;Canada;ST;82;85;41000000;135000;25;178;81;Right;5;3;79;83;75;85;79;76;69;81;80;29;90;77;7;7;7
251809;S. Botman;NEW;Netherlands;CB;82;85;36000000;120000;25;193;81;Left;3;2;48;63;50;24;65;77;75;74;63;83;66;89;12;9;14
201024;K. Koulibaly;ALH;Senegal;CB;82;82;10000000;56000;34;186;89;Right;4;3;61;84;39;43;67;71;64;70;69;83;74;89;7;11;5
229261;D. Zakaria;ASM;Switzerland;CDM;82;83;29500000;45000;28;190;81;Right;3;3;72;86;67;64;80;82;79;80;78;82;80;87;12;12;11
247257;Ibañez;ALA;Brazil;CB;82;84;33500000;54000;26;185;73;Right;2;3;87;87;69;27;45;66;45;76;45;83;85;84;12;7;12
203574;J. Stones;MCI;England;CB;82;82;21000000;135000;31;188;80;Right;4;3;65;64;62;54;68;82;79;79;74;85;53;78;7;15;8
231416;D. Lukébakio;SLB;Belgium;RM;82;82;32500000;29000;27;187;77;Left;3;4;86;87;80;82;85;78;67;84;86;29;72;69;9;7;12
206113;S. Gnabry;BAY;Germany;LM;82;82;30000000;78000;29;176;77;Right;4;4;84;75;85;84;86;83;73;82;85;44;66;68;14;10;7
210413;A. Romagnoli;LAZ;Italy;CB;82;82;25000000;46000;30;185;75;Left;3;2;65;64;52;30;63;73;70;73;68;85;77;80;9;14;9
229188;V. Pavlidis;SLB;Greece;ST;82;84;38000000;31000;26;186;80;Right;4;3;81;77;76;84;83;75;72;82;81;46;87;82;13;11;14
236461;J. Mateta;CRY;France;ST;82;82;31000000;115000;28;192;88;Right;5;3;69;80;53;86;86;78;63;80;82;39;68;86;8;8;11
210602;S. Al Dawsari;ALH;Saudi Arabia;LM;82;82;19000000;59000;33;173;71;Right;5;4;88;87;85;75;77;79;72;82;86;57;90;77;7;12;10
229237;M. Akanji;INT;Switzerland;CB;82;82;25500000;135000;29;187;91;Right;4;2;71;76;66;38;75;79;77;75;74;83;71;85;10;9;9
210047;F. Schär;NEW;Switzerland;CB;82;82;14500000;135000;33;188;84;Right;3;2;50;51;53;60;80;80;83;78;74;84;78;80;8;9;15
246147;M. Greenwood;OLY;England;RM;82;86;43500000;47000;23;181;80;Left;5;4;82;84;86;82;86;78;75;84;84;39;78;60;5;6;8
251805;J. Timber;ARS;Netherlands;RB;82;85;38500000;120000;24;179;78;Right;3;3;76;76;71;41;61;80;71;78;77;83;79;82;6;6;14
227678;E. Konsa;AVL;England;CB;82;83;30500000;120000;27;183;77;Right;3;2;72;78;67;55;69;78;72;78;73;85;79;78;14;8;9
215333;D. Zapata;TOR;Colombia;ST;82;82;15000000;61000;34;188;88;Right;4;3;72;76;66;84;88;74;57;80;79;24;65;90;9;9;8
209981;Y. Bounou;ALH;Morocco;GK;82;82;5000000;37000;34;195;78;Left;2;1;38;37;47;14;57;39;44;12;20;18;43;69;81;82;85
278046;Pau Cubarsí;BAR;Spain;CB;82;88;40500000;64000;18;184;69;Right;4;2;67;73;65;41;51;85;86;82;78;84;68;77;10;6;14
278349;D. Huijsen;RMA;Spain;CB;82;89;56000000;125000;20;197;87;Right;5;2;68;74;53;44;71;85;83;82;76;82;68;78;12;7;8
220793;D. Sánchez;GAL;Colombia;CB;82;82;25500000;67000;29;187;81;Right;2;3;80;84;72;59;66;76;76;75;72;81;84;90;9;7;15
225375;K. Laimer;BAY;Austria;RB;82;82;27500000;75000;28;180;72;Right;3;3;82;82;76;69;74;81;78;75;74;81;79;69;9;12;12
227647;M. Mittelstädt;VFB;Germany;LB;82;82;27500000;53000;28;180;71;Left;2;3;79;83;76;56;74;79;74;77;77;80;84;67;13;10;13
216267;A. Robertson;LIV;Scotland;LB;82;82;22000000;115000;31;178;64;Left;2;3;75;74;75;55;76;80;75;79;76;80;81;67;11;8;14
264453;M. van de Ven;TOT;Netherlands;CB;82;85;37000000;95000;24;193;86;Left;3;3;84;95;59;43;59;76;74;75;73;83;69;85;7;13;7
212218;A. Laporte;ATH;Spain;CB;82;82;21000000;56000;31;189;85;Left;3;2;46;55;57;45;68;84;81;81;64;85;68;83;10;11;5
207862;M. Ginter;SCF;Germany;CB;82;82;21000000;41000;31;190;90;Right;3;2;54;56;54;54;79;78;74;75;61;87;57;83;12;10;10
192318;M. Götze;EIN;Germany;CM;82;82;18500000;47000;33;176;72;Right;4;4;68;53;78;76;75;89;84;88;84;46;75;65;14;7;10
200724;Nacho Fernández;ALQ;Spain;CB;82;82;8000000;38000;35;180;76;Right;4;2;67;77;65;32;54;82;67;79;64;83;79;79;12;7;7
232488;C. Romero;TOT;Argentina;CB;82;84;32500000;115000;27;185;79;Right;2;3;63;68;65;48;64;76;70;67;60;83;69;83;5;7;14
188335;A. Budimir;CAO;Croatia;ST;82;82;19500000;53000;33;190;75;Left;4;3;54;63;56;86;83;82;58;83;79;35;75;84;11;14;15
192366;N. Otamendi;SLB;Argentina;CB;82;82;5500000;21000;37;183;78;Right;3;2;54;64;58;54;69;74;72;67;56;83;87;81;12;5;12
241159;M. Guéhi;CRY;England;CB;82;84;35000000;85000;24;182;82;Right;5;2;68;69;61;42;49;79;78;76;72;84;73;80;8;9;12
229348;A. Robinson;FUL;United States;LB;82;82;29500000;100000;27;183;70;Left;3;3;87;89;73;44;46;76;74;77;79;81;90;73;12;9;9
235243;M. de Ligt;MUN;Netherlands;CB;82;84;34000000;95000;25;189;89;Right;3;2;54;68;52;50;84;77;73;72;65;81;64;91;12;11;10
192123;C. Wood;NOT;New Zealand;ST;82;82;19500000;125000;33;191;92;Right;3;2;55;52;49;85;85;78;60;80;73;30;70;87;14;16;16
235790;K. Havertz;ARS;Germany;ST;82;84;38000000;155000;26;193;82;Left;4;4;71;72;70;80;81;82;77;85;84;47;85;75;6;8;12
244778;Trincão;SPO;Portugal;CAM;82;84;38000000;28000;25;184;74;Left;2;4;80;80;84;81;81;80;74;83;86;36;85;72;5;9;7
189513;Parejo;VIL;Spain;CM;82;82;9500000;41000;36;182;74;Right;4;3;40;38;58;78;80;87;85;85;77;74;68;67;5;9;8
222737;Malcom;ALH;Brazil;CAM;82;82;30500000;60000;28;172;74;Left;3;4;92;87;90;77;80;80;75;84;84;45;88;73;8;14;9
240091;G. Vicario;TOT;Italy;GK;82;84;26000000;77000;28;194;76;Right;4;1;54;49;56;6;59;57;55;41;22;11;38;60;83;78;84
222492;L. Sané;GAL;Germany;RM;82;82;30000000;70000;29;183;80;Left;2;4;89;86;87;80;90;80;70;84;86;32;74;66;8;12;14
213648;P. Højbjerg;OLY;Denmark;CDM;82;82;26000000;54000;29;187;84;Right;4;3;52;47;59;68;85;83;82;79;75;80;81;78;9;7;11
224987;I. Provedel;LAZ;Italy;GK;82;82;16000000;30000;31;192;84;Right;2;1;44;40;38;17;60;61;56;22;16;23;28;56;83;79;84
209499;Fabinho;ALI;Brazil;CDM;82;82;21500000;56000;31;188;78;Right;2;3;45;59;59;63;81;85;82;82;78;83;83;78;13;12;8
233556;R. Orsolini;BOL;Italy;RM;82;82;30500000;68000;28;183;83;Left;4;4;81;78;83;80;83;78;73;83;85;48;74;71;11;11;12
231410;Brahim;RMA;Morocco;RM;82;83;36500000;175000;25;170;68;Right;5;4;83;82;88;76;73;83;76;85;84;23;69;58;13;9;6
232639;R. Doan;EIN;Japan;RM;82;82;32500000;45000;27;172;74;Left;3;4;86;78;90;75;67;82;68;84;86;36;90;59;8;5;14
229476;W. Anton;BVB;Germany;CB;82;82;26500000;60000;28;189;86;Right;3;2;64;73;56;42;60;79;73;70;64;86;79;85;11;12;13
272449;Pablo Barrios;ATL;Spain;CM;82;87;46500000;69000;22;181;75;Right;3;3;81;79;78;70;72;83;81;82;81;80;85;66;5;15;10
243245;O. Kökçü;BEŞ;Türkiye;CM;82;86;43500000;25000;24;175;72;Right;5;3;75;69;79;78;83;84;85;83;78;74;88;75;9;6;12
225201;Berenguer;ATH;Spain;LM;82;82;30000000;59000;29;175;73;Right;4;3;85;84;87;79;78;80;73;83;84;65;80;59;14;16;13
210411;Otávio;ALQ;Portugal;CAM;82;82;29500000;54000;30;171;67;Right;3;4;81;76;85;71;73;83;82;85;86;76;86;65;11;12;15
216547;Rafa;BEŞ;Portugal;CAM;82;82;24000000;57000;32;172;66;Right;2;4;91;87;91;75;77;80;76;84;85;47;79;46;9;11;8
244257;J. Burkardt;EIN;Germany;ST;82;85;42000000;43000;24;181;79;Right;4;3;82;83;76;86;83;74;60;81;82;38;78;76;14;9;14
226226;G. Lo Celso;REA;Argentina;CAM;82;82;30000000;43000;29;177;68;Left;3;4;67;68;79;82;83;82;82;85;85;73;67;69;10;7;14
215316;G. Rulli;OLY;Argentina;GK;82;82;10000000;35000;33;189;84;Right;3;1;56;52;58;15;60;36;50;15;14;13;42;73;82;77;83
192984;K. Casteels;ALQ;Belgium;GK;82;82;10000000;33000;33;197;86;Left;2;1;44;46;50;15;56;35;37;23;14;19;44;72;82;79;85
230182;Lucas Mantela;PAL;Brazil;GK;82;82;24500000;21000;25;183;77;Right;3;1;35;34;36;15;64;29;18;23;17;18;44;85;79;87;81
236532;R. Koch;EIN;Germany;CB;82;82;26500000;45000;28;192;85;Right;4;2;59;72;61;40;58;81;73;75;60;86;77;82;9;6;6
236496;M. Guendouzi;LAZ;France;CDM;82;85;36000000;44000;26;185;68;Right;3;4;69;74;83;73;75;85;81;84;78;79;90;67;6;13;11
236703;D. Raum;RBL;Germany;LB;82;83;32000000;65000;27;181;83;Left;2;3;86;86;77;59;64;78;77;79;79;76;89;75;11;8;6
227236;A. Zambo Anguissa;NAP;Cameroon;CM;82;82;29500000;115000;29;184;83;Right;3;3;74;76;74;76;75;83;80;82;79;80;89;82;11;11;11
237681;T. Kubo;RE2;Japan;RM;82;86;43500000;46000;24;173;64;Left;4;4;89;84;86;79;77;78;74;84;86;43;74;60;6;7;10
210935;D. Berardi;SAS;Italy;RW;82;82;29500000;36000;30;183;72;Left;3;4;84;80;88;81;80;81;77;84;83;30;75;58;5;6;6
230872;M. Svilar;ROM;Serbia;GK;82;86;33500000;39000;25;189;77;Right;3;1;60;55;66;14;58;42;42;28;26;24;32;61;80;80;85
255565;K. Mitoma;BHA;Japan;LM;82;82;30500000;115000;28;178;74;Right;4;4;88;87;89;79;69;80;65;88;87;59;75;60;10;13;9
266866;Éderson;ATA;Brazil;CM;82;85;40000000;77000;25;182;86;Right;3;3;78;78;69;72;78;84;82;84;81;84;89;77;14;10;13
236015;M. Gibbs-White;NOT;England;CAM;82;84;38000000;105000;25;179;66;Right;3;4;76;75;83;77;79;84;83;85;83;60;80;68;7;7;11
270409;Savinho;MCI;Brazil;RW;82;87;47000000;110000;21;176;71;Left;2;4;89;85;90;74;70;81;70;85;87;30;73;45;9;12;12
251470;C. De Ketelaere;ATA;Belgium;CAM;82;86;43500000;72000;24;192;79;Left;3;4;71;70;79;78;82;83;80;86;85;59;78;68;11;8;8
237086;Kim Min Jae;BAY;Korea Republic;CB;82;83;29000000;75000;28;190;81;Right;3;2;73;73;65;23;51;76;64;67;57;84;79;85;13;7;11
260908;M. Kerkez;LIV;Hungary;LB;82;86;41500000;81000;21;180;71;Left;3;3;88;87;83;53;80;77;68;77;77;80;90;75;8;13;13
246430;D. Vlahović;JUV;Serbia;ST;82;85;41000000;135000;25;190;88;Left;4;3;76;79;68;84;84;75;60;81;79;26;74;86;5;15;10
225116;A. Meret;NAP;Italy;GK;82;84;26000000;72000;28;192;82;Left;3;1;41;48;46;17;56;30;25;25;16;22;29;65;81;79;85
256853;M. Tillman;B04;United States;CAM;82;87;46000000;80000;23;187;71;Right;3;4;83;84;83;75;77;80;75;84;83;67;76;82;9;11;9
260247;M. Rogers;AVL;England;CAM;82;86;44500000;110000;22;188;80;Right;4;4;74;79;80;80;76;82;78;84;86;72;83;80;7;8;14
223334;Joelinton;NEW;Brazil;CM;82;82;30500000;140000;28;186;81;Right;3;3;69;78;68;75;84;84;79;83;83;84;89;90;9;13;13
243576;Pedro Porro;TOT;Spain;RB;82;85;37000000;105000;25;173;69;Right;3;3;78;78;80;68;84;80;78;81;80;79;91;68;15;7;7
197445;D. Alaba;RMA;Austria;CB;82;82;14500000;185000;33;180;78;Left;4;3;64;72;71;62;82;86;80;83;77;83;72;77;5;7;9
208333;E. Can;BVB;Germany;CB;82;82;21000000;60000;31;186;86;Right;4;3;67;85;65;71;85;77;74;75;73;86;76;86;14;8;11
230142;Oyarzabal;RE2;Spain;ST;82;82;31000000;59000;28;181;78;Left;3;3;78;76;77;83;84;84;75;84;83;32;79;57;10;6;11
235805;F. Chiesa;LIV;Italy;RM;81;81;27500000;105000;27;175;70;Right;4;4;88;87;89;80;84;77;74;81;84;44;63;67;6;7;7
228618;F. Mendy;RMA;France;LB;81;81;22000000;170000;30;180;73;Left;5;4;84;85;78;63;69;77;75;74;74;80;85;84;7;16;9
253396;G. Simeone;ATL;Argentina;RM;81;86;39500000;63000;22;173;75;Right;3;3;92;91;85;76;76;77;66;78;82;43;84;79;8;14;12
232756;F. Tomori;ACM;England;CB;81;84;29500000;54000;27;185;79;Right;4;2;78;84;74;33;56;75;65;70;61;86;74;76;10;13;7
259516;Johnny Cardoso;ATL;United States;CDM;81;87;37500000;60000;23;182;78;Right;2;3;74;71;78;63;74;82;81;82;77;81;77;77;10;14;7
210676;W. Falcone;LEC;Italy;GK;81;81;17000000;12000;30;196;85;Right;2;1;26;28;33;19;56;25;26;20;13;13;28;62;83;81;84
201399;M. Icardi;GAL;Argentina;ST;81;81;21000000;70000;32;181;79;Right;4;3;65;68;68;86;84;79;69;81;72;37;71;76;13;9;9
238074;R. James;CHE;England;RB;81;84;31500000;115000;25;180;91;Right;4;3;75;76;66;67;85;81;80;79;78;82;67;86;8;12;11
208574;F. Kostić;JUV;Serbia;LM;81;81;20500000;125000;32;184;84;Left;2;3;79;84;76;71;85;80;79;81;81;74;78;77;13;14;13
210881;J. McGinn;AVL;Scotland;LM;81;81;25000000;120000;30;178;68;Left;2;3;69;69;77;76;84;81;80;80;81;82;92;79;9;13;12
220814;L. Hernández;PSG;France;CB;81;81;21500000;89000;29;184;79;Left;2;2;68;74;69;53;62;78;66;76;65;84;65;78;10;7;10
237679;R. Kolo Muani;TOT;France;ST;81;82;31000000;95000;26;187;73;Right;4;3;90;90;84;81;83;77;62;81;80;33;74;69;7;14;5
238216;C. Gallagher;ATL;England;CM;81;85;35500000;70000;25;182;77;Right;4;3;72;77;73;74;81;83;81;80;78;81;93;78;7;6;9
258648;Carlos Augusto;INT;Brazil;LB;81;82;27500000;38000;26;184;75;Left;2;3;79;78;79;68;79;78;74;80;80;80;80;72;11;12;13
240679;T. Koopmeiners;JUV;Netherlands;CAM;81;81;27500000;120000;27;183;77;Left;2;3;71;70;69;76;82;85;84;83;76;74;83;71;14;8;10
200888;Danilo Pereira;ALI;Portugal;CB;81;81;12500000;52000;33;188;83;Right;3;3;39;54;51;58;75;76;70;76;72;81;78;88;9;7;15
188567;P. Aubameyang;OLY;Gabon;ST;81;81;9000000;43000;36;187;80;Right;4;4;76;87;70;85;82;74;64;82;78;35;61;70;6;9;9
237646;D. Muñoz;CRY;Colombia;RB;81;81;22500000;95000;29;181;73;Right;3;3;76;74;74;72;77;77;72;77;76;82;88;74;7;14;6
212190;N. Süle;BVB;Germany;CB;81;81;21500000;55000;29;195;99;Right;3;3;45;74;34;36;78;78;82;72;69;82;52;93;15;7;15
201153;Morata;COM;Spain;ST;81;81;21000000;64000;32;190;84;Right;4;3;79;78;76;82;82;77;72;83;80;14;79;79;4;5;5
247263;E. Tapsoba;B04;Burkina Faso;CB;81;83;28000000;79000;26;192;84;Right;4;2;73;76;66;56;86;83;82;74;66;81;74;83;5;10;15
228805;Raíllo;RCD;Spain;CB;81;81;12500000;42000;33;187;80;Right;3;2;41;41;32;25;54;79;69;70;63;82;89;81;10;15;14
272500;C. Baleba;BHA;Cameroon;CDM;81;87;38000000;70000;21;183;77;Left;3;3;75;74;75;63;85;81;80;80;82;82;81;79;11;6;13
257179;Gonçalo Inácio;SPO;Portugal;CB;81;86;35000000;22000;23;185;81;Left;2;2;79;76;76;23;67;81;85;75;72;82;82;82;6;6;7
214096;T. Kleindienst;BOR;Germany;ST;81;81;25500000;43000;29;194;85;Left;5;2;59;74;51;83;84;68;63;79;68;39;92;87;7;8;14
190941;L. Hrádecký;ASM;Finland;GK;81;81;2900000;16000;35;192;85;Right;3;1;38;44;43;11;48;30;33;20;10;10;34;55;83;79;83
243952;A. Lunin;RMA;Ukraine;GK;81;86;29500000;105000;26;191;78;Right;3;1;39;35;36;8;59;25;26;15;11;13;32;61;80;78;82
231652;S. Banza;SP2;Congo DR;ST;81;81;26500000;24000;28;189;77;Right;3;3;76;81;71;84;82;65;52;82;76;23;77;83;8;7;6
251570;R. Cherki;MCI;France;RW;81;88;52500000;100000;21;177;71;Left;5;5;75;75;81;75;80;82;76;88;91;23;68;67;7;14;8
232363;M. Škriniar;FEN;Slovakia;CB;81;81;21000000;62000;30;188;80;Right;2;2;53;61;47;52;68;73;71;70;64;84;68;88;10;13;12
239482;Galeno;ALA;Brazil;LM;81;81;27500000;52000;27;179;62;Right;3;4;92;94;89;78;75;75;64;80;84;46;84;66;13;6;15
212523;Anderson Talisca;FEN;Brazil;CAM;81;81;21500000;66000;31;191;75;Left;4;4;78;75;79;85;88;80;79;85;82;45;73;75;13;11;10
236632;David Neres;NAP;Brazil;LW;81;81;26000000;115000;28;175;69;Left;3;5;87;85;92;76;79;78;69;85;86;45;69;59;14;10;6
216409;M. Politano;NAP;Italy;RW;81;81;21500000;115000;31;171;65;Left;4;4;81;79;90;78;78;82;76;83;82;58;78;39;11;12;11
208418;Y. Carrasco;ALS;Belgium;LW;81;81;21500000;46000;31;181;73;Right;4;4;86;87;87;77;84;77;72;83;88;63;76;63;9;11;10
232411;C. Nkunku;ACM;France;CAM;81;81;27500000;58000;27;177;68;Right;3;5;77;77;82;80;80;82;78;83;82;35;65;63;5;6;7
211688;Gayà;VAL;Spain;LB;81;81;22000000;49000;30;172;66;Left;3;4;79;81;82;61;62;78;75;78;75;79;80;66;13;10;9
257470;A. Elanga;NEW;Sweden;RW;81;84;35000000;115000;23;178;70;Right;5;3;93;91;85;77;72;76;66;81;83;38;75;72;13;5;10
188943;K. Trapp;PAR;Germany;GK;81;81;4400000;39000;34;189;84;Right;4;1;43;50;42;13;56;25;14;24;10;14;45;75;82;80;84
180930;E. Džeko;FIO;Bosnia and Herzegovina;ST;81;81;9000000;47000;39;193;80;Right;5;3;53;57;62;84;85;79;75;82;77;28;68;77;9;11;15
239301;L. Martínez;MUN;Argentina;CB;81;82;26000000;90000;27;178;77;Left;3;3;70;65;69;52;73;79;76;77;74;81;73;77;6;14;8
225309;N. Amiri;1.F;Germany;CM;81;81;25500000;40000;28;180;76;Right;3;4;76;56;83;77;83;82;80;82;83;65;78;68;12;12;10
247679;V. Boniface;SVW;Nigeria;ST;81;85;37500000;79000;24;190;91;Right;3;4;65;69;68;82;91;75;60;82;84;31;55;90;14;5;12
230430;Oswaldinato;FLA;Brazil;ST;81;81;25500000;47000;29;184;79;Right;3;2;77;76;75;85;79;71;60;77;78;11;72;87;9;12;7
212228;I. Toney;ALA;England;ST;81;81;25500000;59000;29;187;76;Right;3;3;76;79;74;85;84;76;65;79;73;51;76;81;16;8;8
236403;E. Ndicka;ROM;Côte d'Ivoire;CB;81;83;28500000;58000;25;192;82;Left;3;2;69;78;50;49;65;78;74;75;69;85;83;81;13;8;8
243854;M. Simakan;ALN;France;CB;81;86;34000000;48000;25;187;82;Right;3;2;74;78;64;39;61;74;70;71;67;85;79;83;8;6;15
242835;L. Balerdi;OLY;Argentina;CB;81;84;30000000;48000;26;187;85;Right;3;2;69;83;62;34;64;77;81;77;66;82;69;81;6;8;14
245630;Y. Fofana;ACM;France;CDM;81;84;30500000;54000;26;181;75;Right;3;3;67;69;70;66;76;81;79;80;78;83;85;73;12;7;9
213516;Ricardo Horta;SP2;Portugal;CAM;81;81;25000000;23000;30;173;63;Right;4;3;78;78;83;80;82;82;76;81;81;44;83;62;7;9;13
210385;Rui Silva;SPO;Portugal;GK;81;81;13500000;17000;31;191;91;Left;3;1;31;30;34;20;58;29;30;24;18;10;27;76;82;78;84
202024;R. Freuler;BOL;Switzerland;CDM;81;81;13000000;60000;33;180;80;Right;3;4;63;53;67;70;75;83;78;83;76;84;91;67;12;8;13
212242;R. Andrich;B04;Germany;CDM;81;81;21500000;83000;30;186;85;Right;4;2;59;56;63;74;84;79;78;76;74;83;67;84;7;9;15
239807;D. Frattesi;INT;Italy;CM;81;83;32000000;38000;25;178;74;Right;4;3;84;80;78;79;76;84;79;83;82;77;80;64;5;10;10
208461;M. de Roon;ATA;Netherlands;CM;81;81;12000000;78000;34;186;76;Right;3;3;53;67;59;70;79;85;84;81;77;88;90;73;14;15;12
235944;Brais Méndez;RE2;Spain;CM;81;81;25500000;51000;28;187;76;Left;3;4;72;69;75;82;81;84;82;84;83;69;71;73;10;5;8
203841;N. Pope;NEW;England;GK;81;81;8500000;81000;33;199;90;Right;3;1;50;47;36;14;51;42;52;25;15;15;35;75;81;81;82
230670;Lucas Perri;LEE;Brazil;GK;81;85;27000000;44000;27;197;98;Right;2;1;32;39;37;11;59;45;48;14;18;18;38;83;80;79;82
223952;David Soria;GET;Spain;GK;81;81;13000000;29000;32;192;85;Right;3;1;46;34;48;19;56;30;33;20;16;13;43;76;81;79;82
230258;Rosival Dourado;COR;Brazil;CDM;81;81;25500000;25000;25;175;70;Right;4;2;75;78;72;53;60;82;78;76;77;86;91;56;15;14;9
184392;M. Darmian;INT;Italy;RB;81;81;8000000;29000;35;182;70;Right;4;3;68;74;79;60;69;81;74;79;72;84;75;64;6;7;7
181458;I. Perišić;PSV;Croatia;RW;81;81;8500000;25000;36;186;80;Right;5;4;74;76;73;78;85;82;77;83;78;69;76;75;6;7;6
247246;K. Thuram;JUV;France;CM;81;85;36500000;105000;24;192;80;Right;3;3;76;80;75;77;79;83;80;83;81;84;81;79;7;9;9
244749;N. Aguerd;OLY;Morocco;CB;81;82;24000000;80000;29;190;76;Left;3;2;65;78;54;40;69;78;76;75;60;83;72;78;7;15;6
261865;Miguel Gutiérrez;NAP;Spain;LB;81;85;34500000;84000;23;180;73;Left;3;2;82;80;82;72;76;82;76;82;81;78;85;66;14;10;10
223885;A. Nübel;VFB;Germany;GK;81;82;20500000;45000;28;193;86;Right;4;1;49;46;34;18;63;55;48;41;26;14;39;74;81;76;82
235840;M. Di Gregorio;JUV;Italy;GK;81;84;25500000;73000;27;187;82;Right;3;1;55;57;55;9;59;50;50;35;30;16;36;68;82;78;85
216354;A. Kramarić;TSG;Croatia;CAM;81;81;12000000;49000;34;177;73;Right;4;4;70;65;80;83;82;82;73;85;84;25;85;68;8;14;15
193747;Koke;ATL;Spain;CM;81;81;16000000;76000;33;176;75;Right;4;3;62;60;68;69;82;83;81;81;77;79;83;75;14;12;13
219683;C. Tolisso;OL2;France;CM;81;81;24500000;30000;30;181;81;Right;2;3;64;72;62;74;86;82;83;80;75;79;82;78;7;10;14
216352;M. Brozović;ALN;Croatia;CDM;81;81;17000000;52000;32;181;72;Right;4;3;62;64;79;68;80;81;80;82;77;83;93;72;8;8;8
234060;Y. Herrera;RE2;Venezuela;CM;81;82;29500000;49000;27;184;78;Right;3;3;66;65;71;75;82;83;81;82;81;81;79;81;6;7;8
222509;Dani Ceballos;RMA;Spain;CM;81;81;25500000;175000;28;179;70;Right;3;4;65;57;77;69;76;84;81;84;83;76;76;61;12;15;13
230347;Welington Dano;AT2;Brazil;LB;81;81;26000000;34000;25;178;69;Left;4;4;78;80;83;51;55;78;71;78;77;77;89;68;16;15;7
255475;Antony;REA;Brazil;RW;81;84;34000000;38000;25;172;63;Left;1;5;85;83;90;77;83;80;71;83;82;45;75;61;9;10;13
206085;J. Murphy;NEW;England;RW;81;81;25000000;140000;30;179;74;Right;4;3;80;83;74;80;84;79;67;80;82;66;82;69;13;16;6
208093;Gerard Moreno;VIL;Spain;ST;81;81;16500000;55000;33;180;77;Left;4;3;77;77;76;83;82;79;75;81;81;41;76;72;15;12;10
264309;A. Güler;RMA;Türkiye;RM;81;89;56500000;125000;20;175;70;Left;3;4;73;68;81;76;78;84;82;83;84;57;70;43;13;10;10
230384;Nailton Suzuki;AT2;Brazil;CAM;81;81;25500000;40000;29;180;75;Right;4;3;85;79;75;72;75;85;83;85;84;52;75;74;8;9;8
251852;K. Adeyemi;BVB;Germany;RM;81;86;39000000;48000;23;180;77;Left;4;4;96;96;86;77;79;74;69;79;84;34;77;67;12;12;7
232498;Isi;RAY;Spain;CAM;81;81;25000000;35000;30;169;71;Left;3;3;85;84;86;75;78;81;78;82;82;41;75;64;11;8;15
202648;Sergi Darder;RCD;Spain;LM;81;81;21500000;43000;31;180;71;Right;3;3;78;77;79;75;81;84;82;80;81;76;82;75;8;9;12
233306;D. Henderson;CRY;England;GK;81;82;20500000;62000;28;188;85;Right;3;1;55;56;61;9;58;45;48;35;13;14;32;64;82;78;82
242641;R. Aït-Nouri;MCI;Algeria;LB;81;85;34500000;100000;24;180;70;Left;3;5;85;84;81;50;61;79;72;84;87;78;80;65;15;11;12
251566;Gabriel Martinelli;ARS;Brazil;LW;81;84;35000000;125000;24;178;75;Right;3;4;92;89;87;79;77;77;65;82;85;44;82;63;10;6;6
202695;J. Tarkowski;EVE;England;CB;80;80;13500000;50000;32;188;81;Right;4;2;41;49;52;40;69;66;73;64;55;83;68;86;14;8;7
277179;Fermín;BAR;Spain;CAM;80;87;43000000;80000;22;174;64;Right;4;3;76;73;83;79;70;81;78;82;82;74;71;44;8;14;7
209297;Fred;FEN;Brazil;CM;80;80;16500000;60000;32;169;62;Left;4;4;79;75;89;67;79;80;78;81;80;80;83;68;7;16;15
204923;M. Sabitzer;BVB;Austria;CDM;80;80;15000000;52000;31;178;76;Right;4;3;76;72;77;76;87;82;80;82;78;75;78;75;11;13;13
236499;Douglas Luiz;NOT;Brazil;CM;80;80;22500000;110000;27;175;66;Right;2;3;69;66;74;70;79;81;81;84;79;78;75;65;12;6;7
256948;C. Tzolis;CLU;Greece;LM;80;87;42500000;33000;23;179;73;Right;4;4;85;72;84;78;78;78;74;81;84;39;85;63;15;10;10
254796;N. Madueke;ARS;England;RW;80;84;30000000;115000;23;182;75;Left;3;4;89;88;81;75;79;76;67;83;85;45;75;67;5;13;15
243586;A. El Kaabi;OL3;Morocco;ST;80;80;17000000;44000;32;182;76;Left;2;3;80;83;75;84;83;68;45;79;72;44;78;77;15;10;7
241236;A. Semenyo;AFC;Ghana;RM;80;82;26500000;76000;25;185;79;Right;5;3;78;82;79;83;81;74;69;81;82;44;84;79;10;11;7
254243;E. Anderson;NOT;England;CDM;80;85;29500000;78000;22;179;69;Right;4;3;75;68;76;66;74;82;79;81;82;79;86;73;6;12;7
223697;R. Gosens;FIO;Germany;LB;80;80;18000000;56000;30;183;76;Left;3;3;76;69;71;78;76;77;75;78;76;78;86;71;7;16;10
270571;Gabriel Sara;GAL;Brazil;CM;80;83;27500000;58000;26;177;79;Left;4;4;75;74;77;73;83;83;84;81;79;70;81;75;14;14;9
233927;Lucas Paquetá;WHU;Brazil;CM;80;80;22500000;75000;27;180;72;Left;4;5;69;67;75;78;77;80;80;85;86;73;76;73;14;9;11
186345;K. Trippier;NEW;England;RB;80;80;7500000;115000;34;173;71;Right;4;3;68;64;67;54;81;80;83;79;76;80;74;66;11;14;10
259913;G. Sudakov;SLB;Ukraine;CAM;80;87;43000000;25000;22;177;68;Right;4;3;82;80;80;76;79;79;80;81;83;58;80;68;13;9;9
190674;B. André;LIL;France;CDM;80;80;7000000;36000;34;180;76;Right;3;3;54;55;68;61;69;78;77;79;75;81;90;79;8;14;10
220876;F. Honorat;BOR;France;RM;80;80;21000000;37000;28;180;70;Right;3;4;82;85;78;74;88;76;74;80;79;46;80;56;10;15;15
226300;U. Çakır;GAL;Türkiye;GK;80;82;17500000;38000;29;191;82;Right;3;1;53;56;64;13;56;32;27;27;17;18;40;69;81;76;79
245155;M. Kudus;TOT;Ghana;RW;80;83;29000000;95000;24;177;70;Left;3;4;91;88;86;76;81;76;68;83;88;66;73;76;6;12;10
200155;H. Vanaken;CLU;Belgium;CAM;80;80;16500000;40000;32;195;77;Right;4;4;39;50;62;81;76;88;86;83;79;55;91;79;13;6;11
231591;Javi Galán;ATL;Spain;LB;80;80;18000000;68000;30;172;70;Left;2;4;80;77;75;50;72;79;77;79;80;79;77;66;14;14;8
192563;B. Leno;FUL;Germany;GK;80;80;7000000;58000;33;189;83;Right;3;1;54;51;51;9;57;50;48;35;16;15;44;70;80;79;81
268889;Álvaro Carreras;RMA;Spain;LB;80;88;45000000;130000;22;186;78;Left;4;3;84;86;80;65;75;76;76;80;79;76;89;76;6;7;14
269626;Đ. Petrović;AFC;Serbia;GK;80;85;24500000;45000;25;194;89;Right;2;1;40;43;45;11;55;47;50;45;20;15;37;73;80;78;82
246420;J. Doku;MCI;Belgium;LW;80;85;32000000;110000;23;173;66;Right;3;4;95;88;93;72;77;76;69;81;91;30;63;73;11;10;12
224656;O. Aina;NOT;Nigeria;RB;80;80;19000000;95000;28;184;82;Right;4;3;89;87;71;54;77;74;67;74;76;79;77;75;7;14;9
212096;V. Grifo;SCF;Italy;LM;80;80;16500000;37000;32;180;80;Right;2;4;73;68;78;73;85;81;76;82;81;41;81;65;10;12;14
271400;Igor Paixão;OLY;Brazil;LM;80;83;28000000;45000;25;168;63;Right;2;4;83;83;81;80;82;76;72;80;82;37;76;68;8;13;9
226110;N. Pépé;VIL;Côte d'Ivoire;RM;80;80;20500000;47000;30;183;73;Left;2;4;87;88;91;76;82;79;69;82;83;34;69;74;11;14;8
231677;M. Rashford;BAR;England;LM;80;80;22500000;88000;27;186;70;Right;3;5;87;87;77;79;93;78;72;80;83;29;64;65;11;6;14
239093;J. Clauss;OGC;France;RB;80;80;14500000;34000;32;178;69;Right;3;3;81;88;83;68;77;76;67;79;76;76;82;63;15;14;15
266872;F. Gatti;JUV;Italy;CB;80;83;24000000;105000;27;190;80;Right;3;2;73;78;56;30;68;68;61;68;62;83;74;81;6;11;6
200458;L. Digne;AVL;France;LB;80;80;15500000;110000;31;178;74;Left;1;3;70;68;72;60;81;78;73;77;76;79;80;69;6;12;13
252802;W. Singo;GAL;Côte d'Ivoire;CB;80;85;29000000;48000;24;190;79;Right;2;3;72;87;66;55;81;75;70;74;74;81;79;85;11;6;7
262118;T. Livramento;NEW;England;RB;80;86;31500000;95000;22;181;71;Right;4;3;80;84;76;49;61;77;62;78;79;80;80;71;10;12;13
234579;J. Quiñones;ALQ;Mexico;ST;80;80;21500000;49000;28;180;78;Right;3;4;89;88;82;83;80;74;69;78;82;46;87;89;8;12;12
238616;Pedro Neto;CHE;Portugal;RM;80;82;26500000;110000;25;174;62;Left;4;4;92;90;88;75;80;76;63;81;82;40;73;65;6;13;6
244176;D. Undav;VFB;Germany;ST;80;80;21500000;51000;28;179;86;Right;5;3;67;65;73;83;84;80;64;83;78;37;70;80;9;12;13
270673;W. Zaïre-Emery;PSG;France;CM;80;87;41000000;58000;19;178;68;Right;4;3;80;78;74;66;76;82;81;81;78;80;88;75;14;11;15
209889;R. Guerreiro;BAY;Portugal;LB;80;80;15500000;65000;31;170;71;Left;2;4;76;63;90;78;79;88;77;89;87;76;72;49;12;6;8
190765;P. Groß;BVB;Germany;CDM;80;80;7000000;52000;34;181;78;Right;4;3;46;50;68;72;80;84;84;83;78;73;83;73;8;15;11
234569;Florentino;BUR;Portugal;CDM;80;83;25000000;22000;25;184;76;Right;2;2;55;55;73;35;65;77;76;74;72;82;85;78;6;14;14
206517;J. Grealish;EVE;England;LW;80;80;20500000;130000;29;180;81;Right;3;4;75;70;84;76;76;81;78;86;86;54;69;67;11;6;13
230204;Héniton Pires;FLA;Brazil;GK;80;80;14500000;25000;29;182;74;Right;3;1;43;39;42;11;59;28;30;20;14;14;30;64;81;75;79
213655;A. Iwobi;FUL;Nigeria;LM;80;80;20500000;90000;29;180;75;Right;3;4;77;75;75;74;75;79;74;81;84;64;88;72;14;7;11
264697;M. Amoura;VFL;Algeria;ST;80;84;29500000;56000;25;170;61;Right;3;4;94;87;93;83;78;77;66;86;85;48;86;45;9;7;9
226753;A. Onana;TRA;Cameroon;GK;80;80;14500000;58000;29;190;93;Right;3;1;62;60;66;12;64;57;58;40;26;18;40;78;81;75;83
246172;S. Chukwueze;FUL;Nigeria;RM;80;80;23000000;53000;26;172;70;Left;2;4;91;86;85;75;78;77;66;82;86;32;62;58;13;7;6
210697;C. Nørgaard;ARS;Denmark;CDM;80;80;15000000;125000;31;187;77;Right;3;3;52;47;61;63;72;79;80;76;69;80;82;78;11;9;11
220834;Marco Asensio;FEN;Spain;RW;80;80;20500000;64000;29;182;76;Left;3;4;73;68;78;77;81;81;81;84;83;42;64;63;13;9;10
230225;Heberto Gaúcho;AT2;Brazil;CB;80;80;17500000;35000;29;181;82;Right;3;2;68;74;61;56;74;67;58;64;60;85;76;79;18;12;18
243593;A. Laurienté;SAS;France;LW;80;80;23000000;30000;26;171;59;Right;3;4;93;89;91;76;81;76;66;80;84;40;82;48;13;13;15
255654;P. Kalulu;JUV;France;CB;80;85;28000000;100000;25;182;80;Right;3;2;76;83;73;43;66;77;65;74;64;83;76;73;12;5;11
256903;Gonçalo Ramos;PSG;Portugal;ST;80;84;30500000;79000;24;185;82;Right;4;2;73;73;77;82;82;72;63;78;76;47;79;79;15;9;15
230313;Tony Abranjes;IN3;Brazil;CB;80;80;10000000;33000;33;179;80;Right;3;2;65;69;55;31;61;66;66;68;47;81;81;91;7;14;13
230271;Laure Santeiro;FLU;Brazil;CAM;80;80;23500000;25000;25;171;63;Left;5;4;87;75;85;72;67;79;80;82;82;13;67;35;9;7;10
234642;É. Mendy;ALA;Senegal;GK;80;80;7000000;32000;33;197;86;Right;2;1;33;36;50;5;56;54;54;31;18;11;36;72;78;77;81
189511;Sergio Busquets;IN2;Spain;CDM;80;80;4099999;9000;36;189;74;Right;3;3;34;35;64;65;61;83;81;79;80;80;75;72;5;8;13
200145;Casemiro;MUN;Brazil;CDM;80;80;10500000;88000;33;185;84;Right;3;2;35;36;48;69;82;79;80;77;68;83;54;81;13;14;12
228579;B. Henrichs;RBL;Germany;RB;80;80;19000000;58000;28;185;84;Right;4;3;74;73;75;50;62;80;72;78;79;81;73;74;8;9;14
262859;L. Colwill;CHE;England;CB;80;84;27500000;95000;22;187;83;Left;3;2;66;73;60;38;60;79;72;77;70;81;77;79;15;14;14
258908;J. van Hecke;BHA;Netherlands;CB;80;83;25000000;86000;25;189;79;Right;3;2;66;68;55;35;70;80;80;73;70;80;70;79;11;9;5
203263;H. Maguire;MUN;England;CB;80;80;13500000;88000;32;193;100;Right;3;2;37;34;33;48;82;79;82;71;68;80;66;89;14;16;9
208268;B. Cristante;ROM;Italy;CM;80;80;20000000;62000;30;186;80;Right;4;3;53;52;62;68;83;82;83;79;75;80;89;78;3;5;5
262138;C. Lukeba;RBL;France;CB;80;88;44500000;48000;22;183;84;Left;2;2;73;71;70;41;55;76;75;74;73;85;65;78;8;10;13
259377;Yeremy Pino;CRY;Spain;RM;80;88;47500000;77000;22;172;65;Right;4;3;78;77;80;76;73;81;76;81;82;48;69;45;9;7;9
259694;Mingueza;RCC;Spain;RB;80;83;25500000;34000;26;184;75;Right;3;2;78;82;75;62;73;79;76;79;77;76;82;73;9;10;13
234742;H. Barnes;NEW;England;LW;80;80;22500000;125000;27;185;72;Right;4;3;80;85;78;80;82;76;68;82;82;43;74;71;6;5;10
238900;E. Demirović;VFB;Bosnia and Herzegovina;ST;80;80;23000000;49000;27;185;84;Right;3;3;68;75;70;84;85;79;66;81;78;39;80;77;9;8;6
246242;B. Dia;LAZ;Senegal;ST;80;80;21500000;45000;28;180;75;Right;4;3;81;87;76;83;84;75;64;79;79;42;74;74;11;10;10
225126;E. Skhiri;EIN;Tunisia;CDM;80;80;17500000;39000;30;185;74;Right;3;3;65;64;74;76;75;78;81;74;75;79;83;69;15;14;14
241508;M. Damsgaard;BRE;Denmark;CAM;80;83;29000000;71000;24;180;70;Right;3;4;70;66;82;74;72;83;82;80;81;74;78;62;6;10;7
270531;O. Diomande;SPO;Côte d'Ivoire;CB;80;87;40000000;17000;21;190;93;Right;3;2;78;82;63;20;40;71;73;69;71;82;80;90;8;6;6
257278;A. Theate;EIN;Belgium;CB;80;84;26500000;36000;25;185;78;Left;3;2;66;68;64;23;70;77;76;75;70;81;82;82;7;6;10
227535;R. Bentancur;TOT;Uruguay;CDM;80;81;20500000;100000;28;187;73;Right;4;3;63;65;64;68;71;82;80;81;81;80;72;70;8;7;12
189596;T. Müller;VAN;Germany;CAM;80;80;8500000;10000;35;185;76;Right;4;3;53;63;67;81;78;83;79;80;77;57;63;66;6;7;14
250753;A. Trubin;SLB;Ukraine;GK;80;87;36000000;12000;23;199;86;Right;2;1;49;38;36;9;58;37;32;29;13;11;33;69;77;76;84
273018;Andrey Santos;CHE;Brazil;CM;80;87;42500000;86000;21;180;75;Right;3;3;77;71;77;69;73;82;79;80;77;81;91;75;5;10;8
260592;B. Šeško;MUN;Slovenia;ST;80;88;47500000;84000;22;195;86;Right;4;4;79;87;75;81;85;74;59;81;79;42;84;83;10;8;6
229668;Mario Hermoso;ROM;Spain;CB;80;80;17500000;60000;30;184;76;Left;3;2;71;73;70;42;66;79;76;76;67;81;72;80;13;8;8
259583;D. Udogie;TOT;Italy;LB;80;84;28500000;84000;22;186;73;Left;3;3;86;89;74;64;74;77;65;79;80;77;79;77;8;14;14
220440;C. Lenglet;ATL;France;CB;80;80;17500000;68000;30;186;81;Left;4;2;52;56;60;39;58;81;75;73;57;82;71;79;10;10;7
210406;P. Zieliński;INT;Poland;CM;80;80;17500000;39000;31;180;75;Right;4;3;78;75;82;74;79;84;81;84;82;75;65;56;12;9;6
230201;Maikel Catarino;COR;Brazil;RB;80;80;18500000;26000;29;177;75;Right;3;3;81;72;83;48;52;73;75;77;78;78;85;68;15;13;15
225953;S. Bergwijn;ALI;Netherlands;LM;80;80;22500000;49000;27;171;78;Right;1;4;82;79;76;76;83;81;66;83;86;36;65;79;11;14;13
225539;D. Solanke;TOT;England;ST;80;80;23000000;110000;27;187;80;Right;2;3;68;74;67;81;82;77;60;79;78;35;87;84;9;15;10
229905;A. Bardakcı;GAL;Türkiye;CB;80;80;17500000;58000;30;185;80;Left;2;2;58;60;62;38;66;74;75;72;68;80;82;87;13;7;15
241464;Pau Torres;AVL;Spain;CB;80;80;18000000;110000;28;191;80;Left;2;2;66;67;56;31;58;81;80;79;64;82;71;73;11;13;9
242816;Riqui Puig;LAG;Spain;CM;80;83;27500000;12000;25;169;56;Right;3;3;74;72;82;72;70;89;83;84;81;55;79;33;12;15;9
216447;Álvaro García;RAY;Spain;LM;80;80;16500000;33000;32;167;61;Left;3;3;90;87;87;74;71;78;75;79;80;45;75;34;11;8;14
256612;Evanilson;AFC;Brazil;ST;80;83;28500000;83000;25;183;80;Right;4;3;75;76;69;81;81;75;67;79;78;41;74;78;13;11;7
233049;J. Sancho;AVL;England;LM;80;82;26500000;84000;25;180;76;Right;3;5;82;77;90;74;75;80;70;87;87;35;64;58;7;11;13
224179;Borja Iglesias;RCC;Spain;ST;80;80;17000000;40000;32;187;86;Right;3;3;59;65;53;83;85;78;72;80;74;36;64;84;14;12;16
259197;N. Jackson;BAY;Senegal;ST;80;84;30500000;110000;24;187;78;Right;3;3;81;83;72;81;79;77;62;79;81;40;81;77;12;7;7
229880;A. Wan-Bissaka;WHU;Congo DR;RB;80;81;22000000;71000;27;183;72;Right;2;3;79;80;77;46;70;75;58;74;79;80;75;71;9;8;8
73562;Bento;ALN;Brazil;GK;80;85;24500000;30000;26;190;80;Right;2;1;39;40;34;5;58;17;23;16;9;13;19;58;79;76;83
241727;P. Rajković;ALI;Serbia;GK;80;82;17500000;32000;29;191;85;Right;2;1;33;22;32;9;57;31;42;18;8;10;26;66;78;78;84
242434;C. Jones;LIV;England;CAM;80;83;29000000;89000;24;185;75;Right;4;4;68;79;74;75;77;83;79;82;84;77;83;74;6;13;7
213661;A. Christensen;BAR;Denmark;CB;80;81;19500000;90000;29;187;82;Right;3;2;52;73;60;36;37;81;79;77;67;82;67;78;10;12;8
246875;O. Kossounou;ATA;Côte d'Ivoire;CB;80;85;29000000;57000;24;191;82;Right;3;2;74;84;62;26;52;76;74;69;66;83;76;79;5;8;6
237712;V. Castellanos;LAZ;Argentina;ST;80;81;25000000;43000;26;178;70;Right;3;3;78;73;77;84;79;79;66;83;82;40;85;65;15;6;8
203980;K. Fortounis;ALK;Greece;CAM;80;80;16500000;36000;32;183;70;Right;5;3;71;74;76;79;76;83;82;82;80;38;67;66;16;15;11
258580;K. Aktürkoğlu;FEN;Türkiye;LW;80;81;25000000;62000;26;173;68;Right;3;4;87;84;88;78;72;74;66;79;81;43;86;44;11;7;8
235149;J. Schouten;PSV;Netherlands;CDM;80;81;20500000;28000;28;185;74;Right;3;4;60;60;66;58;65;81;79;79;75;80;71;75;11;7;14
266127;L. Hall;NEW;England;LB;80;86;30500000;81000;20;179;71;Left;3;2;78;76;80;60;65;78;76;79;79;79;80;56;14;8;14
189881;C. Smalling;ALF;England;CB;80;80;5500000;25000;35;194;81;Right;3;2;34;54;37;54;42;63;62;64;58;82;64;83;10;15;15
269493;Alexsandro;LIL;Brazil;CB;80;84;26500000;33000;25;191;92;Left;5;2;56;74;38;34;62;75;72;68;56;82;72;84;14;15;7
205157;Ruiz de Galarreta;ATH;Spain;CDM;80;80;15000000;49000;31;175;69;Right;3;3;73;66;81;60;73;80;80;80;77;80;84;70;12;6;12
223273;M. Pašalić;ATA;Croatia;CM;80;80;20000000;73000;30;186;80;Right;4;4;68;69;72;80;78;83;80;86;83;72;83;72;11;13;14
230666;Gabriel Jesus;ARS;Brazil;ST;80;80;21500000;140000;28;175;73;Right;3;4;85;78;88;79;82;79;66;84;87;30;66;67;13;8;15
239380;N. Lang;NAP;Netherlands;LW;80;81;25000000;100000;26;179;69;Right;3;5;84;76;87;80;74;77;68;84;84;51;78;60;13;7;12
264862;M. Akliouche;ASM;France;RM;80;86;33500000;34000;23;183;63;Left;3;4;75;74;84;72;66;80;74;84;84;52;77;58;8;10;8
201269;F. Rønnow;1.2;Denmark;GK;80;80;10500000;28000;32;188;81;Right;2;1;48;45;34;9;52;25;30;12;13;11;32;67;80;80;82
251806;Q. Timber;FEY;Netherlands;CM;80;85;31500000;19000;24;179;71;Right;3;3;86;69;81;75;85;82;78;81;79;76;79;85;5;8;8
251479;M. De Cuyper;BHA;Belgium;LB;80;86;31000000;78000;24;183;72;Left;4;2;78;75;79;70;78;78;79;80;78;76;87;67;11;8;8
263205;B. Yılmaz;GAL;Türkiye;LM;80;83;28000000;55000;25;186;80;Right;3;4;92;93;85;76;86;75;69;79;77;68;93;90;13;9;8
226754;I. Bennacer;DIN;Algeria;CDM;80;82;23000000;25000;27;175;70;Left;3;3;79;73;86;67;82;84;82;82;83;81;78;69;9;12;15
232665;M. Arambarri;GET;Uruguay;CM;80;80;20500000;43000;29;175;74;Right;3;3;75;57;67;82;83;81;78;79;78;80;84;76;7;13;7
228251;L. Pellegrini;ROM;Italy;CAM;80;80;20500000;63000;29;186;77;Right;4;3;76;74;79;76;79;84;80;84;78;74;77;70;12;7;11
212602;Diego Llorente;REA;Spain;CB;80;80;14500000;35000;31;186;75;Right;3;2;65;64;60;39;45;75;72;76;65;83;65;78;8;12;7
213666;R. Loftus-Cheek;ACM;England;CM;80;80;20500000;55000;29;191;88;Right;4;4;78;84;75;76;82;84;80;83;81;76;72;85;11;7;13
231913;F. Aursnes;SLB;Norway;CM;80;80;20500000;26000;29;179;71;Right;3;3;73;75;80;71;74;80;79;82;78;78;92;78;12;14;13
230938;F. Kessié;ALA;Côte d'Ivoire;CDM;80;81;20500000;49000;28;183;74;Right;4;3;77;79;70;75;84;80;73;80;77;80;92;87;9;11;10
241671;D. Livaković;GIR;Croatia;GK;80;80;14000000;38000;30;188;79;Right;2;1;57;54;65;12;53;50;60;28;19;20;32;75;80;76;83
236401;N. Mazraoui;MUN;Morocco;RB;80;81;22000000;84000;27;183;65;Right;3;3;78;73;76;69;68;80;74;81;80;77;76;69;12;7;12
204883;B. Samba;STA;France;GK;80;80;11000000;22000;31;187;90;Left;3;1;49;60;39;9;60;48;45;36;14;14;37;78;78;80;80
233195;X. Schlager;RBL;Austria;CDM;80;82;23000000;56000;27;174;78;Left;3;3;74;64;75;66;78;80;80;78;78;78;77;77;6;8;7
224836;V. Milinković-Savić;NAP;Serbia;GK;79;81;15000000;29000;28;202;99;Right;3;1;41;45;38;20;63;31;30;18;15;15;33;73;79;77;79
182494;F. Muslera;EST;Uruguay;GK;79;79;1900000;6000;39;190;74;Right;2;1;40;47;45;10;50;42;40;27;25;18;40;68;81;80;77
227290;M. Dmitrović;RC2;Serbia;GK;79;79;5500000;18000;33;194;91;Left;2;1;39;35;32;20;59;40;40;10;8;22;45;79;76;79;80
242087;H. Morita;SPO;Japan;CM;79;79;17000000;24000;30;177;76;Right;5;3;67;68;75;75;72;80;80;81;80;76;83;77;6;10;8
242444;João Félix;ALN;Portugal;CAM;79;82;23000000;45000;25;181;70;Right;4;5;79;75;85;76;81;79;72;81;82;47;70;60;13;12;14
208448;E. Forsberg;NE2;Sweden;CAM;79;79;11000000;12000;33;177;76;Right;4;4;65;63;71;73;71;83;77;84;81;27;65;59;13;7;11
210930;Carles Gil;NE3;Spain;CAM;79;79;14000000;12000;32;170;65;Left;4;4;74;67;73;73;62;82;77;80;80;42;84;61;12;15;6
230918;T. Chalobah;CHE;England;CB;79;82;20500000;100000;25;192;75;Right;3;3;64;68;52;46;65;77;75;74;70;80;67;83;5;5;7
213761;A. Hamdallah;ALS;Morocco;ST;79;79;8500000;42000;34;179;75;Right;3;3;51;65;74;84;78;72;63;86;77;25;80;80;9;11;10
206585;Kepa;ARS;Spain;GK;79;79;11500000;76000;30;189;89;Right;4;1;38;42;45;11;62;60;60;33;20;17;35;55;77;78;81
236804;F. Medina;OLY;Argentina;CB;79;83;21500000;31000;26;184;77;Left;2;3;67;79;62;44;45;79;76;76;71;81;78;81;13;5;13
224294;L. Cook;AFC;England;CDM;79;80;17000000;75000;28;175;71;Right;4;3;68;69;76;60;67;79;77;78;77;78;85;65;6;15;13
242664;A. Saelemaekers;ACM;Belgium;RM;79;80;20500000;50000;26;180;72;Right;4;4;83;77;86;68;64;77;70;81;81;69;77;54;9;6;12
232999;T. Adams;AFC;United States;CDM;79;81;19500000;72000;26;175;72;Right;3;3;85;74;77;52;68;78;74;76;73;82;79;68;6;13;7
225100;J. Gomez;LIV;England;CB;79;80;16500000;95000;28;188;77;Right;3;3;72;76;61;20;51;77;75;75;71;81;57;78;8;13;7
246321;D. Maeda;CEL;Japan;LW;79;79;18500000;65000;27;173;68;Right;4;2;94;91;92;82;78;74;57;71;73;64;95;67;5;9;12
211093;C. McGregor;CEL;Scotland;CDM;79;79;11500000;61000;32;178;74;Left;4;4;80;75;83;74;80;84;79;83;76;74;93;69;15;10;13
251804;S. Dest;PSV;United States;RB;79;83;23500000;22000;24;173;68;Right;4;4;89;86;89;60;65;80;71;82;84;76;76;68;11;10;15
231184;Guruzeta;ATH;Spain;ST;79;79;18000000;52000;28;188;80;Right;4;3;75;71;76;79;82;79;62;81;78;48;78;79;12;14;5
275298;A. Pavlović;BAY;Germany;CDM;79;87;37000000;43000;21;188;75;Right;4;3;69;56;72;66;64;85;85;83;77;74;77;72;6;9;7
198032;D. Burn;NEW;England;CB;79;79;8500000;110000;33;201;104;Left;3;2;34;49;32;26;60;75;69;69;69;79;78;90;15;13;10
237985;K. Danso;TOT;Austria;CB;79;82;20500000;90000;26;190;85;Right;3;2;65;79;53;26;49;69;62;68;59;80;66;90;12;13;15
243976;Catena;CAO;Spain;CB;79;79;14500000;39000;30;194;82;Right;3;2;64;64;58;38;52;80;81;71;35;80;78;77;9;9;11
208165;B. Djimsiti;ATA;Albania;CB;79;79;11500000;66000;32;190;83;Right;3;2;63;65;40;36;52;71;68;67;41;81;77;79;10;6;10
231366;P. Lienhart;SCF;Austria;CB;79;80;16500000;34000;28;189;87;Right;3;2;62;71;63;24;29;74;70;69;59;80;75;79;14;8;14
241509;Mauro Júnior;PSV;Brazil;LB;79;82;21000000;25000;26;171;62;Left;3;4;82;83;90;63;68;77;74;81;79;74;85;38;7;14;8
235152;F. Kadıoğlu;BHA;Türkiye;RB;79;81;20000000;81000;25;174;68;Right;4;3;88;77;89;65;73;78;70;78;79;77;79;62;10;13;5
234505;Evander;FCC;Brazil;CAM;79;80;20000000;12000;27;178;73;Right;4;4;74;71;81;79;77;80;77;79;83;68;83;62;11;8;6
254117;M. Beier;BVB;Germany;ST;79;84;27500000;47000;22;185;72;Right;3;4;86;86;82;82;80;74;60;82;80;39;82;53;6;8;13
238186;M. Bułka;NEO;Poland;GK;79;85;21500000;16000;25;199;99;Right;2;1;28;25;41;8;53;35;33;15;13;10;37;82;79;76;81
246606;Fran García;RMA;Spain;LB;79;82;21500000;135000;25;169;62;Left;3;3;90;89;80;42;63;78;62;79;76;79;83;66;9;6;11
230216;Adnan Vidual;IN3;Brazil;RB;79;79;15500000;31000;29;175;70;Right;3;2;85;82;73;47;57;75;63;74;68;79;81;71;9;10;7
73078;K. Sano;1.F;Japan;CDM;79;83;23000000;28000;24;176;67;Right;3;2;76;81;78;43;65;77;74;75;76;77;92;65;7;11;8
205431;N. Füllkrug;WHU;Germany;ST;79;79;14000000;80000;32;188;83;Right;4;3;53;60;51;81;86;77;59;77;74;46;55;86;15;9;9
230234;Jorge Andrão;FLU;Brazil;CDM;79;79;15000000;24000;29;177;75;Right;4;2;68;66;76;58;72;78;75;77;75;81;89;68;9;9;8
237819;N. Domínguez;NOT;Argentina;CDM;79;80;18000000;85000;27;179;73;Right;4;3;72;67;82;63;72;80;77;77;74;80;89;67;6;11;5
245371;T. Almada;ATL;Argentina;CAM;79;86;35000000;57000;24;171;63;Right;4;4;86;74;92;70;78;80;74;83;82;57;69;50;12;8;10
212091;Rodinei;OL3;Brazil;RB;79;79;9000000;37000;33;177;70;Right;3;3;80;82;76;67;67;77;69;81;80;75;84;74;11;7;11
226229;T. Kehrer;ASM;Germany;CB;79;80;16500000;37000;28;186;76;Right;5;2;62;75;62;37;65;74;68;66;64;81;71;79;9;9;12
176580;L. Suárez;IN2;Uruguay;ST;79;79;6000000;10000;38;182;86;Right;4;3;52;54;66;82;83;73;70;79;75;38;53;81;27;25;37
225951;D. Bouanga;LOS;Gabon;LW;79;79;17000000;13000;30;180;71;Right;4;4;83;86;85;83;85;70;68;78;80;25;83;81;8;9;16
229891;J. Ryerson;BVB;Norway;RB;79;80;18500000;47000;27;183;82;Right;3;2;77;72;76;62;73;76;69;76;76;75;83;80;7;13;7
238004;A. Guðmundsson;FIO;Iceland;ST;79;79;18000000;60000;28;178;78;Right;4;3;86;87;83;81;79;75;64;83;84;39;71;71;5;10;6
260815;Arnau Martínez;GIR;Spain;RB;79;84;25000000;30000;22;182;72;Right;3;2;83;75;74;55;59;80;70;77;74;76;80;66;10;7;9
239763;E. Zhegrova;JUV;Kosovo;RM;79;80;20500000;105000;26;180;74;Left;2;4;90;79;90;69;78;76;70;82;87;21;65;63;7;11;7
247649;J. Branthwaite;EVE;England;CB;79;85;25000000;39000;23;195;74;Left;5;2;65;75;34;35;59;78;69;69;57;81;72;82;10;9;10
248484;N. Collins;BRE;Republic of Ireland;CB;79;82;21500000;62000;24;193;81;Right;3;2;55;68;46;29;46;70;66;66;64;79;80;83;9;10;9
234574;Diogo Dalot;MUN;Portugal;RB;79;81;20000000;80000;26;183;76;Right;4;4;84;86;74;54;81;76;74;76;78;76;81;74;10;6;8
195864;P. Pogba;ASM;France;CM;79;79;14000000;38000;32;191;84;Right;4;5;60;68;68;68;88;84;86;86;87;63;56;88;5;6;3
202335;E. Dier;ASM;England;CB;79;79;12000000;37000;31;191;91;Right;2;2;35;69;34;52;81;72;80;65;66;78;64;90;11;14;9
226166;N. Mukiele;SUN;France;RB;79;80;18500000;61000;27;187;84;Right;3;3;76;69;65;40;67;71;69;74;70;81;68;79;10;7;15
237221;J. Foyth;VIL;Argentina;CB;79;80;17500000;41000;27;187;83;Right;3;3;67;68;67;43;56;79;69;75;69;81;68;77;8;15;9
259480;I. Saibari;PSV;Morocco;CAM;79;84;26500000;23000;23;185;81;Right;4;4;81;76;77;75;79;78;71;84;83;53;79;83;8;12;15
261188;I. Ndiaye;EVE;Senegal;LM;79;82;23000000;45000;25;180;70;Right;4;4;83;85;84;78;76;75;58;83;86;28;71;65;7;9;8
205175;A. Milik;JUV;Poland;ST;79;79;15000000;120000;31;186;80;Left;3;3;48;52;69;83;84;75;64;83;76;34;45;76;9;16;6
228092;S. Berge;FUL;Norway;CDM;79;80;18000000;80000;27;195;96;Right;3;2;54;55;47;63;78;80;78;78;75;76;81;89;14;9;10
264388;Moleiro;VIL;Spain;LM;79;86;35500000;32000;21;171;68;Right;4;4;84;83;85;70;74;78;74;81;83;55;76;60;6;9;11
236786;M. Terrier;B04;France;ST;79;79;18000000;83000;28;184;71;Right;3;3;81;75;72;80;79;78;72;82;81;31;73;74;12;5;8
252042;João Pedro;CHE;Brazil;ST;79;84;27000000;105000;23;188;82;Right;4;4;79;77;76;79;80;78;69;81;83;27;75;70;7;6;14
198141;Bartra;REA;Spain;CB;79;79;5500000;33000;34;184;73;Right;3;3;62;65;67;55;73;78;77;75;68;79;67;77;10;15;8
240753;A. Gouiri;OLY;Algeria;ST;79;84;26000000;46000;25;181;80;Right;3;4;79;75;79;85;80;78;69;80;81;41;76;71;6;12;7
207993;S. Kolašinac;ATA;Bosnia and Herzegovina;CB;79;79;11500000;66000;32;183;85;Left;2;2;54;67;57;60;75;74;63;74;67;81;78;83;15;9;9
224196;R. Bensebaini;BVB;Algeria;LB;79;79;15000000;49000;30;187;82;Left;4;3;72;73;67;72;70;76;68;82;78;80;77;78;6;13;14
197655;S. Coates;CL2;Uruguay;CB;79;79;5500000;34000;34;196;94;Right;3;2;61;59;37;55;50;70;71;65;64;82;75;91;16;13;13
213884;R. Christie;AFC;Scotland;CDM;79;79;14500000;75000;30;178;70;Left;4;3;73;66;78;68;77;80;79;77;77;76;85;69;13;9;8
226456;Fornals;REA;Spain;CDM;79;79;15000000;33000;29;178;67;Right;3;4;66;65;75;76;76;80;80;83;79;77;81;66;9;11;15
225663;A. Golovin;ASM;Russia;LM;79;79;17000000;38000;29;178;69;Right;4;4;73;73;85;74;78;80;75;83;82;72;79;56;12;14;16
229906;L. Bailey;ROM;Jamaica;RM;79;79;18500000;100000;27;178;77;Left;2;4;91;84;91;76;72;75;65;81;85;34;64;61;12;13;14
244369;V. Tsygankov;GIR;Ukraine;RM;79;79;18500000;37000;27;178;73;Left;4;4;82;82;81;74;77;80;76;79;78;39;75;52;9;7;12
225863;O. Boscagli;BHA;France;CB;79;81;18500000;85000;27;181;68;Left;3;3;68;62;73;33;72;82;84;82;74;79;68;80;8;7;12
210021;H. Mukhtar;NAS;Germany;CAM;79;79;17000000;12000;30;173;71;Right;5;3;82;82;87;74;75;79;75;80;78;44;85;58;15;10;12
245152;S. Giménez;ACM;Mexico;ST;79;84;27000000;48000;24;183;68;Left;4;3;77;79;75;82;83;74;69;78;77;39;64;68;6;14;10
193474;I. Gueye;EVE;Senegal;CDM;79;79;4900000;35000;35;174;66;Right;3;3;66;55;77;52;76;77;72;76;68;84;82;58;8;6;13
272600;Marc Casadó;BAR;Spain;CDM;79;86;33500000;60000;21;172;66;Right;4;3;66;49;78;64;68;82;79;82;79;80;67;53;12;14;12
262402;Sergi Cardona;VIL;Spain;LB;79;82;21500000;39000;25;185;77;Left;3;3;84;80;70;50;75;76;67;77;75;80;85;71;6;11;7
241811;Sergio Gómez;RE2;Spain;LM;79;82;24000000;37000;24;173;71;Left;3;4;76;70;82;73;77;81;76;79;79;74;78;58;11;7;10
216150;D. Zappacosta;ATA;Italy;LM;79;79;11000000;69000;33;182;75;Right;3;3;78;74;71;71;79;79;75;78;79;78;80;61;11;9;11
246657;Álvaro Valles;REA;Spain;GK;79;82;17000000;20000;27;191;82;Right;4;1;40;42;38;6;59;58;56;14;12;10;40;65;78;78;80
178509;O. Giroud;LIL;France;ST;79;79;6000000;30000;38;193;91;Left;3;3;45;51;55;80;83;75;64;80;71;37;61;88;12;15;5
235353;I. Sarr;CRY;Senegal;CAM;79;79;18500000;85000;27;185;70;Right;2;3;89;93;77;79;83;78;71;79;77;29;72;72;14;13;9
230312;Gabri Prestão;IN3;Brazil;GK;79;79;12000000;20000;29;186;80;Right;3;1;58;62;66;9;53;13;12;20;18;9;23;60;81;75;82
233301;R. Kristensen;EIN;Denmark;RB;79;79;17000000;35000;27;187;75;Right;4;3;66;72;61;60;75;72;67;75;72;79;84;78;10;9;10
257980;D. Ndoye;NOT;Switzerland;LM;79;82;24000000;77000;24;184;79;Right;3;3;86;92;84;74;75;71;63;81;83;67;81;65;10;14;12
188350;M. Reus;LAG;Germany;CAM;79;79;5500000;9000;36;180;71;Right;4;4;62;54;76;81;82;83;76;82;80;47;66;66;12;12;11
245037;Eric García;BAR;Spain;CB;79;84;24000000;71000;24;182;76;Right;3;2;55;69;64;50;51;82;81;77;69;82;68;73;11;9;7
226710;G. Scamacca;ATA;Italy;ST;79;80;21000000;71000;26;196;85;Right;3;3;61;69;61;83;83;75;70;80;74;28;51;83;12;10;12
258575;E. Agbadou;WOL;Côte d'Ivoire;CB;79;81;17500000;71000;28;192;86;Right;3;2;69;89;51;51;61;73;77;66;69;79;68;90;9;7;14
254022;N. Woltemade;NEW;Germany;ST;79;84;27000000;105000;23;199;90;Right;3;4;64;69;69;82;81;77;63;80;83;44;71;81;11;8;8
223710;V. Muriqi;RCD;Kosovo;ST;79;79;15000000;42000;31;194;92;Left;3;3;34;63;36;82;82;77;64;81;75;25;71;91;8;9;10
258911;T. Arokodare;WOL;Nigeria;ST;79;85;28000000;68000;24;197;97;Right;3;2;71;79;41;85;79;75;52;79;75;35;71;91;9;8;9
227174;M. Cash;AVL;Poland;RB;79;79;17000000;100000;27;185;74;Right;3;3;74;75;73;66;77;74;71;76;75;80;86;68;15;16;8
254088;Amad;MUN;Côte d'Ivoire;CAM;79;85;28000000;74000;22;173;67;Left;4;4;88;82;92;77;78;76;71;80;83;57;70;45;13;15;6
277954;K. Yıldız;JUV;Türkiye;CAM;79;89;38500000;80000;20;185;75;Right;5;4;85;84;83;78;79;75;70;85;85;30;72;67;14;14;14
231447;D. Malen;AVL;Netherlands;RM;79;80;20500000;100000;26;176;68;Right;4;4;89;84;86;79;84;77;61;81;83;33;69;66;7;9;14
253109;J. Veerman;PSV;Netherlands;CM;79;81;21500000;26000;26;185;75;Right;2;3;67;41;72;70;75;86;88;78;75;65;75;71;12;11;9
188377;K. Walker;BUR;England;RB;79;79;5500000;48000;35;183;83;Right;2;3;78;81;66;51;87;78;78;78;78;79;72;77;12;6;8
248695;W. Fofana;CHE;France;CB;79;82;21500000;90000;24;185;84;Right;3;2;69;78;65;38;48;75;69;72;71;81;67;81;14;12;6
277581;Samu;FCP;Spain;ST;79;86;36000000;14000;21;193;90;Right;3;3;75;83;57;83;81;67;57;69;71;32;74;90;11;12;8
247172;J. Durán;FEN;Colombia;ST;79;86;36000000;38000;21;187;70;Left;2;3;76;85;68;82;86;73;58;79;75;33;69;83;6;6;5
211348;S. Dimitrievski;VAL;North Macedonia;GK;79;79;9500000;28000;31;188;84;Right;2;1;35;38;44;20;56;23;27;19;18;19;40;72;79;78;78
214979;J. Musso;ATL;Argentina;GK;79;79;9500000;42000;31;191;93;Right;3;1;46;42;32;18;55;31;24;20;16;14;35;70;79;77;82
189908;Ł. Skorupski;BOL;Poland;GK;79;79;3000000;35000;34;188;90;Right;3;1;51;51;48;11;51;35;26;23;18;15;31;58;79;76;83
205855;M. Livaja;HAJ;Croatia;ST;79;79;15000000;33000;31;182;80;Right;4;4;60;65;64;84;88;83;73;85;76;46;73;86;15;9;12
223874;V. Rongier;STA;France;CDM;79;79;14500000;32000;30;174;67;Right;4;3;67;58;78;62;72;81;77;76;78;80;81;78;11;8;11
255001;N. Rovella;LAZ;Italy;CDM;79;84;24500000;31000;23;179;70;Right;4;3;75;77;79;52;72;82;80;80;78;77;85;62;9;12;10
242201;Luis Milla;GET;Spain;CM;79;79;17000000;40000;30;175;67;Right;3;3;72;67;68;70;76;82;81;78;75;79;82;68;12;13;10
183711;J. Henderson;BRE;England;CDM;79;79;4900000;56000;35;182;80;Right;3;3;62;67;62;69;77;81;83;78;74;76;77;77;7;13;13
258966;A. Cambiaso;JUV;Italy;LB;79;82;21500000;95000;25;182;77;Left;5;3;79;78;78;68;75;79;75;80;80;79;76;66;13;7;13
226376;Kaku;AL2;Paraguay;CAM;79;79;17000000;36000;30;171;67;Left;2;4;82;80;86;75;70;81;79;81;79;53;70;59;12;14;11
199422;J. Clasie;AZA;Netherlands;CDM;79;79;6000000;24000;34;170;68;Right;3;3;46;46;69;54;78;84;86;78;73;75;68;71;11;11;7
190813;S. El Shaarawy;ROM;Italy;LM;79;79;14000000;59000;32;178;73;Right;3;4;81;76;89;72;75;77;70;83;83;42;61;60;5;3;3
219789;H. Traoré;PAR;Mali;RB;79;79;9000000;53000;33;175;64;Right;3;3;80;83;74;52;72;75;73;75;75;77;90;73;10;14;16
261050;Francisco Conceição;JUV;Portugal;CAM;79;86;35500000;95000;22;168;61;Left;2;4;88;87;93;69;72;78;71;83;85;42;69;40;9;6;14
205186;P. Gazzaniga;GIR;Argentina;GK;79;79;5500000;24000;33;196;90;Right;3;1;57;56;65;12;61;49;52;31;20;21;42;55;79;78;78
233084;N. Molina;ATL;Argentina;RB;79;80;18500000;61000;27;175;70;Right;3;3;79;84;81;67;70;76;69;76;75;77;85;63;12;13;10
240913;C. Kelleher;BRE;Republic of Ireland;GK;79;82;17500000;46000;26;188;81;Right;4;1;45;39;44;6;59;48;50;37;25;10;19;71;77;76;80
215223;W. Benítez;CRY;Argentina;GK;79;79;8500000;55000;32;191;93;Right;2;1;38;35;45;14;54;28;27;20;19;20;40;80;79;78;80
277846;Nico Paz;COM;Argentina;CAM;79;89;38500000;67000;20;186;81;Left;3;4;76;79;78;76;64;84;79;85;85;65;75;66;14;10;8
258444;E. Guessand;AVL;Côte d'Ivoire;RM;79;84;26500000;89000;24;188;79;Right;3;3;79;86;75;79;78;78;69;80;81;39;76;84;7;10;5
251421;B. Johnson;TOT;Wales;RW;79;83;25000000;90000;24;186;73;Right;4;3;87;85;81;82;74;74;63;78;78;45;78;52;14;7;13
205988;L. Shaw;MUN;England;CB;79;79;14500000;83000;29;181;75;Left;2;3;69;69;60;46;80;79;77;78;75;79;51;77;10;12;7
183512;Yuri Berchiche;ATH;Spain;LB;79;79;5500000;34000;35;181;80;Left;3;3;81;77;74;61;82;77;72;76;72;78;79;81;12;13;11
228174;C. Carter-Vickers;CEL;United States;CB;79;82;20000000;59000;27;183;92;Right;2;2;79;78;77;24;65;76;70;76;65;78;74;90;13;6;10
253124;Matheus Nunes;MCI;Portugal;RB;79;80;19000000;105000;26;184;78;Right;3;3;78;91;78;69;77;80;79;80;79;75;79;74;13;10;13
268804;Mario Gila;LAZ;Spain;CB;79;84;24000000;31000;24;185;80;Right;4;2;83;87;74;48;68;74;66;78;72;78;82;71;14;10;14
236920;J. Kluivert;AFC;Netherlands;CAM;79;81;21500000;77000;26;172;67;Right;4;4;89;86;87;75;84;77;75;80;82;35;76;53;5;6;12
236045;Reinildo;SUN;Mozambique;LB;79;79;12500000;64000;31;180;73;Left;3;3;81;81;76;57;60;75;60;75;74;78;81;75;6;8;7
259307;M. Gusto;CHE;France;RB;79;84;25000000;90000;22;178;74;Right;3;3;87;81;84;30;65;76;74;77;77;76;85;68;10;6;11
206511;M. Arnold;VFL;Germany;CDM;79;79;12500000;51000;31;184;74;Left;2;3;63;64;69;74;91;82;83;79;76;76;78;74;11;9;10
277797;Marcos Leonardo;ALH;Brazil;ST;79;85;28500000;44000;22;175;72;Right;4;4;76;79;77;83;78;69;57;76;75;17;75;75;6;9;6
250723;K. Koné;ROM;France;CM;79;84;26500000;49000;24;185;80;Right;3;4;77;72;79;71;86;80;76;83;82;79;82;82;11;10;10
257057;A. Onana;AVL;Belgium;CDM;79;83;23000000;85000;23;192;76;Right;4;3;64;82;49;57;75;80;77;78;76;80;76;83;7;12;10
232487;W. Endo;LIV;Japan;CDM;79;79;11500000;95000;32;178;77;Right;4;3;66;52;72;67;76;79;78;78;76;79;77;67;9;13;5
193301;A. Lacazette;NEO;France;ST;79;79;8500000;31000;34;175;73;Right;4;4;62;67;77;82;85;77;72;81;79;45;59;77;11;6;6
259240;A. Wharton;CRY;England;CDM;79;86;33500000;58000;21;182;70;Left;4;3;60;63;69;60;67;83;84;80;76;78;69;66;5;11;12
192638;Marcos Alonso;RCC;Spain;CB;79;79;5500000;33000;34;188;81;Left;3;3;58;56;63;70;82;82;76;77;76;80;74;76;9;7;12
251377;R. Zalazar;SP2;Uruguay;CAM;79;82;23000000;18000;25;178;70;Right;4;3;77;82;85;80;88;80;81;81;75;69;84;68;7;7;12
260599;A. Varela;FCP;Argentina;CDM;79;85;25500000;14000;23;177;73;Right;3;3;71;69;71;60;78;81;74;76;71;75;84;74;8;11;13
200159;S. Ortega;MCI;Germany;GK;79;79;8500000;71000;32;185;88;Right;4;1;51;53;42;15;64;50;60;41;26;12;33;73;78;77;81
221087;Pau López;REA;Spain;GK;79;80;13000000;22000;30;189;77;Left;3;1;45;52;40;19;59;63;55;43;18;20;42;52;77;77;79
230498;Luimo Boas Santos;BAH;Brazil;ST;79;79;20000000;25000;25;176;73;Right;4;4;86;80;82;81;75;74;56;81;82;20;79;63;9;12;9
163587;K. Schmeichel;CEL;Denmark;GK;79;79;1900000;24000;38;189;90;Right;3;1;38;47;57;12;61;59;66;40;12;14;31;72;78;77;79
228383;K. Grabara;VFL;Poland;GK;79;84;20000000;31000;26;195;85;Right;3;1;42;42;45;15;55;48;49;35;20;19;38;71;80;76;84
246565;B. Diakité;AFC;France;CB;79;84;24000000;62000;24;184;82;Right;4;2;66;77;69;41;62;73;65;74;68;81;78;79;7;10;5
227186;A. Batalla;RAY;Argentina;GK;79;80;13500000;19000;29;186;77;Right;3;1;43;42;37;14;56;40;36;27;17;18;31;72;78;78;80
224003;Sergio Herrera;CAO;Spain;GK;79;79;8500000;25000;32;192;82;Right;3;1;45;50;45;16;56;24;21;27;15;17;42;67;79;78;80
252037;Fábio Silva;BVB;Portugal;ST;79;85;28500000;47000;22;185;75;Right;3;4;79;83;79;80;79;75;70;81;79;28;83;77;6;12;8
248165;A. Rațiu;RAY;Romania;RB;79;80;18500000;28000;27;183;79;Right;3;3;93;92;81;56;66;77;66;79;82;74;80;65;9;11;12
253072;D. Núñez;ALH;Uruguay;ST;79;82;23000000;50000;26;187;81;Right;3;3;86;89;68;77;87;74;68;77;78;52;79;81;14;10;13
237942;P. Estupiñán;ACM;Ecuador;LB;79;80;18500000;48000;27;175;79;Left;3;3;77;76;74;48;67;79;72;79;80;78;81;68;14;7;7
248465;I. Maatsen;AVL;Netherlands;LB;79;84;24500000;85000;23;178;68;Left;2;3;88;87;86;64;72;79;70;80;81;72;74;52;9;10;9
259868;P. Sarr;TOT;Senegal;CM;79;84;27000000;84000;22;184;70;Right;3;2;71;66;75;65;69;81;79;79;79;79;85;71;14;8;8
257191;A. Stach;LEE;Germany;CDM;79;82;20500000;61000;26;194;88;Right;4;3;68;71;62;59;85;76;75;77;74;79;82;81;7;14;11
252552;K. Tzolakis;OL3;Greece;GK;79;86;30500000;18000;22;193;80;Right;3;1;53;56;63;10;56;47;56;41;26;14;43;68;79;77;81
223671;S. Posch;COM;Austria;RB;79;79;16000000;53000;28;190;82;Right;3;2;71;78;36;52;63;74;70;75;65;82;70;75;6;8;8
243780;Lee Kang In;PSG;Korea Republic;RW;79;84;26500000;74000;24;173;66;Left;3;4;75;69;86;75;79;80;79;82;82;51;73;56;11;12;14
241095;N. Vlašić;TOR;Croatia;CAM;79;79;18500000;45000;27;179;79;Right;4;3;77;72;77;74;80;80;74;83;82;62;76;65;6;14;14
199987;J. Cillessen;NEC;Netherlands;GK;79;79;1900000;6000;36;186;85;Right;3;1;56;50;48;10;53;50;33;32;12;12;40;67;78;78;80
262881;R. Ríos;SLB;Colombia;CM;79;83;24500000;22000;25;187;77;Right;3;3;83;80;84;67;78;80;78;83;82;79;88;79;9;10;10
258781;I. Zabarnyi;PSG;Ukraine;CB;79;84;24500000;65000;22;189;80;Right;3;2;76;84;64;33;50;76;76;67;60;80;73;80;14;11;13
220651;Angeliño;ROM;Spain;LB;79;79;16000000;56000;28;171;69;Left;3;4;77;62;84;68;82;82;80;83;78;75;87;56;13;6;13
227890;Nuno Santos;SPO;Portugal;LM;79;79;17000000;24000;30;177;71;Left;2;5;81;78;76;79;86;75;73;80;80;70;77;69;14;7;15
253306;M. Ugarte;MUN;Uruguay;CDM;79;83;23000000;69000;24;182;77;Right;3;3;62;62;68;65;67;77;79;76;77;81;70;74;6;10;13
230184;Diego Essler;AT2;Brazil;LB;79;79;17500000;30000;25;168;65;Left;3;4;90;89;87;45;78;76;59;74;76;77;76;44;13;13;9
255069;Nico González;MCI;Spain;CDM;79;85;25500000;90000;23;188;88;Right;3;3;66;67;67;70;76;83;79;81;78;79;80;79;14;14;7
215270;L. Zelarayán;BEL;Armenia;CAM;79;79;11000000;20000;33;172;70;Right;3;4;75;73;88;74;79;78;73;82;81;43;82;64;8;9;10
212811;M. Lemina;GAL;Gabon;CDM;79;79;12500000;55000;31;184;85;Right;4;3;76;81;77;59;80;78;78;76;76;77;83;83;12;9;16
244067;M. Lacroix;CRY;France;CB;79;82;20500000;76000;25;190;88;Right;2;2;82;93;64;29;75;71;72;69;66;80;77;84;14;7;11
239977;N. Kühn;COM;Germany;RW;78;81;18500000;82000;25;175;69;Left;5;4;90;92;89;74;75;71;67;78;81;52;82;67;5;14;12
262394;S. Beukema;NAP;Netherlands;CB;78;81;16500000;78000;26;188;77;Right;3;2;42;54;52;50;67;73;74;67;59;80;79;74;12;11;13
235374;M. Lazzari;LAZ;Italy;RB;78;78;10000000;34000;31;174;67;Right;3;3;89;90;89;67;53;76;73;79;80;75;76;52;14;6;11
238744;W. McKennie;JUV;United States;CM;78;79;16500000;95000;26;180;86;Right;3;3;75;78;68;68;76;78;77;78;78;82;81;77;7;9;11
224415;Luis Rioja;VAL;Spain;RM;78;78;11500000;41000;31;176;70;Left;4;3;79;75;79;76;78;76;72;79;80;49;77;50;6;9;14
263617;Beñat Prados;ATH;Spain;CDM;78;84;20500000;34000;24;180;70;Right;3;2;70;66;78;59;70;77;75;77;72;78;83;73;15;8;8
224334;M. Acuña;RIV;Argentina;LB;78;78;7500000;22000;33;172;69;Left;3;3;79;74;80;63;74;75;72;82;81;74;80;81;8;14;14
266032;J. Gittens;CHE;England;LM;78;85;28000000;73000;20;179;77;Right;4;4;94;90;90;75;79;71;57;80;87;22;79;54;6;5;8
266097;Geny Catamo;SPO;Mozambique;RM;78;84;22000000;18000;24;173;71;Left;3;4;92;91;88;74;73;70;59;82;82;66;79;50;10;7;8
241707;P. Gueye;VIL;Senegal;CM;78;81;18000000;39000;26;189;79;Left;3;2;66;68;67;56;81;81;79;78;76;77;80;78;12;12;12
245388;J. Todibo;WHU;France;CB;78;81;16500000;58000;25;190;88;Right;2;3;70;79;54;44;60;76;72;72;69;80;54;81;7;13;13
230212;Zervandro;IN3;Brazil;CB;78;78;13500000;26000;25;182;79;Left;3;2;67;69;49;51;43;68;72;62;44;78;63;74;9;14;10
235949;Gabriel Strefezza;OL3;Brazil;RM;78;78;14000000;35000;28;168;63;Right;3;3;92;83;91;70;64;75;69;77;78;25;81;33;15;15;6
158625;Dante;OGC;Brazil;CB;78;78;0;19000;41;188;89;Left;4;3;32;32;35;47;62;79;77;77;61;78;61;82;14;8;13
219693;Diego Carlos;COM;Brazil;CB;78;78;9000000;50000;32;186;79;Right;4;3;54;70;62;32;73;73;72;71;65;79;50;87;7;10;11
235997;Fran Beltrán;RCC;Spain;CM;78;81;18000000;30000;26;165;64;Right;3;3;56;56;77;65;68;81;81;78;76;78;77;64;14;11;9
263139;D. Greif;OL2;Slovakia;GK;78;81;13000000;15000;28;197;82;Right;3;1;25;22;21;9;59;25;17;17;10;11;17;60;77;76;77
211256;N. Tagliafico;OL2;Argentina;LB;78;78;9500000;23000;32;172;65;Left;2;3;74;61;77;57;65;74;72;77;73;79;78;72;13;9;16
235844;E. Álvarez;FEN;Mexico;CDM;78;79;14500000;61000;27;187;73;Right;2;2;64;65;60;57;74;78;76;76;72;79;72;80;7;11;6
254548;M. Bard;OGC;France;LB;78;82;18500000;24000;24;173;65;Left;3;3;77;78;73;45;70;74;68;75;73;78;81;74;12;12;14
201455;G. Kondogbia;OLY;Central African Republic;CB;78;78;9000000;40000;32;188;80;Left;3;3;64;66;65;67;78;79;78;77;70;79;74;84;15;10;10
193348;X. Shaqiri;FCB;Switzerland;CAM;78;78;9000000;28000;33;169;72;Left;4;5;69;66;73;79;87;80;79;83;80;45;73;80;13;12;11
199833;L. Unnerstall;FCT;Germany;GK;78;78;2400000;13000;34;198;103;Right;1;1;30;34;20;13;49;26;29;19;16;17;35;82;78;77;81
239701;R. Schmid;SVW;Austria;CAM;78;81;18500000;30000;25;168;73;Right;3;3;78;76;87;62;76;80;72;83;84;57;88;49;7;9;6
221992;H. Lozano;SAN;Mexico;LW;78;78;14000000;12000;29;176;70;Right;3;3;89;87;86;75;75;72;65;78;80;35;60;54;11;10;10
235781;Santi Comesaña;VIL;Spain;CM;78;78;14000000;41000;28;188;75;Right;4;3;54;56;59;73;74;81;80;78;77;80;75;74;8;11;9
256688;C. Puertas;SVW;Spain;CAM;78;79;16500000;38000;26;178;74;Right;4;4;75;73;77;73;78;79;73;80;81;74;80;73;11;9;7
201389;C. Biraghi;TOR;Italy;LB;78;78;9500000;40000;32;185;78;Left;3;3;73;71;71;58;82;77;75;78;76;76;76;66;12;6;7
240734;M. O'Riley;OLY;Denmark;CAM;78;83;21000000;72000;24;188;77;Left;4;3;67;68;70;77;81;81;79;78;76;70;78;72;14;12;6
232658;D. Doekhi;1.2;Netherlands;CB;78;80;15000000;35000;27;190;86;Right;3;2;57;68;64;39;61;70;68;69;60;79;80;86;9;9;14
208919;R. Gauld;VAN;Scotland;LW;78;78;14000000;12000;29;169;62;Left;3;4;82;83;89;70;69;77;71;79;82;59;89;37;6;14;15
230442;Jason Bardeira;COR;Brazil;ST;78;78;16000000;23000;25;187;85;Right;3;2;77;70;70;86;87;66;64;70;69;19;74;79;13;9;16
270086;António Silva;SLB;Portugal;CB;78;86;29500000;15000;21;187;82;Right;2;2;78;81;57;31;60;77;76;73;69;81;83;83;12;10;8
255566;Samú Costa;RCD;Portugal;CDM;78;86;29500000;28000;24;183;75;Left;2;2;65;57;67;59;79;79;76;76;69;78;82;76;6;7;9
76687;Estêvão;CHE;Brazil;RM;78;89;29500000;65000;18;176;70;Left;2;4;91;89;91;73;79;73;66;79;82;34;67;49;9;15;11
202652;R. Sterling;CHE;England;LW;78;78;13500000;110000;30;172;69;Right;3;4;86;78;91;75;77;75;68;79;82;48;52;44;15;12;9
230440;Fredditinho;PAL;Brazil;ST;78;78;9000000;30000;33;188;87;Right;1;2;74;73;82;83;78;69;68;74;72;39;65;90;14;12;13
227562;L. Haraslín;SPA;Slovakia;LW;78;78;14000000;30000;29;182;74;Right;4;4;79;81;87;76;74;74;68;80;81;41;68;61;13;12;15
206467;A. Pléa;PSV;France;ST;78;78;11500000;27000;32;181;82;Right;3;4;75;72;77;78;79;79;78;80;80;38;73;73;11;15;15
234112;Dodô;FIO;Brazil;RB;78;79;15000000;46000;26;166;68;Right;3;3;84;87;81;60;66;78;68;80;78;75;84;59;14;14;5
241522;J. Wind;VFL;Denmark;ST;78;80;17500000;50000;26;190;82;Right;3;4;66;50;71;82;82;79;70;81;77;29;73;82;7;10;9
236506;M. Senesi;AFC;Argentina;CB;78;78;12000000;68000;28;185;80;Left;4;3;62;51;65;32;55;76;81;75;73;79;63;78;10;13;8
207439;L. Paredes;BOC;Argentina;CM;78;78;11500000;23000;31;182;75;Right;4;4;62;62;68;60;86;84;84;84;78;76;73;70;9;14;10
250955;J. Stanišić;BAY;Croatia;CB;78;82;17500000;51000;25;187;77;Right;4;2;68;77;66;44;52;74;60;73;68;79;71;75;11;6;12
212419;T. Mings;AVL;England;CB;78;78;9000000;95000;32;196;77;Left;2;2;49;66;34;37;61;75;75;67;68;78;51;85;7;10;15
234171;R. Sallai;GAL;Hungary;RM;78;78;14000000;52000;28;183;79;Right;4;4;77;77;76;75;69;76;64;80;81;65;78;70;7;5;9
244374;M. Shaparenko;DYN;Ukraine;CM;78;79;16500000;25000;26;178;72;Right;3;3;81;78;82;69;74;82;83;77;81;69;77;65;13;6;13
258775;L. Sučić;RE2;Croatia;CM;78;86;31500000;34000;22;185;71;Left;3;4;80;73;73;73;84;80;78;79;79;70;77;72;15;12;7
255009;K. Taylor;AJA;Netherlands;CM;78;84;22000000;18000;23;182;73;Left;5;3;78;69;77;79;76;80;78;79;78;67;83;70;9;12;7
262088;H. Haraldsson;LIL;Iceland;CAM;78;84;22500000;28000;22;178;71;Right;4;3;77;77;86;69;66;79;74;81;81;56;85;57;7;14;6
244767;Carlos Vicente;DEP;Spain;RM;78;79;16500000;31000;26;179;69;Right;3;3;80;79;68;75;73;76;73;78;78;30;74;58;14;15;8
265695;M. Soulé;ROM;Argentina;CAM;78;85;28500000;45000;22;176;69;Left;4;4;83;76;83;75;72;77;72;81;83;40;86;51;15;8;14
240988;D. Vavro;VFL;Slovakia;CB;78;79;13000000;46000;29;189;81;Right;2;2;64;73;55;46;88;66;70;58;54;86;79;84;13;12;13
256958;Fábio Vieira;HAM;Portugal;CAM;78;81;18500000;100000;25;173;61;Left;3;3;73;70;77;71;77;80;79;80;79;60;63;48;9;5;6
221342;Maffeo;RCD;Argentina;RB;78;78;13500000;32000;27;172;70;Right;3;3;83;79;74;53;57;75;68;79;80;82;71;69;10;7;15
243057;N. Williams;NOT;Wales;LB;78;81;18000000;67000;24;183;72;Right;3;2;70;73;73;45;60;74;69;74;74;78;74;64;10;11;15
244380;V. Mykolenko;EVE;Ukraine;LB;78;79;15000000;41000;26;180;71;Left;2;2;70;77;66;44;70;74;69;74;70;80;79;69;9;8;14
221610;D. Dibusz;FER;Hungary;GK;78;78;2400000;18000;34;188;81;Right;3;1;29;24;21;15;56;23;30;20;16;15;19;36;78;75;82
230206;Wellington Sabrão;FLA;Brazil;RB;78;78;7500000;33000;33;169;66;Right;3;2;94;90;74;50;64;73;67;71;75;75;78;69;9;8;15
191740;Ander Herrera;BOC;Spain;CDM;78;78;4000000;16000;35;182;71;Right;4;3;65;54;72;68;76;76;78;78;77;77;78;69;9;12;8
232244;S. Ascacíbar;EST;Argentina;CDM;78;78;12500000;18000;28;169;68;Right;3;3;82;74;81;74;77;79;74;76;71;78;91;60;6;10;9
230183;Gerson Armão;IN3;Brazil;LB;78;78;14000000;26000;25;186;73;Left;5;3;77;80;68;54;84;77;67;72;71;77;89;67;9;16;10
245235;A. Bah;SLB;Denmark;RB;78;79;15000000;20000;27;183;76;Right;4;3;88;91;77;59;81;71;70;74;75;74;84;78;6;12;13
252935;L. Fernández;PEÑ;Uruguay;CAM;78;81;18500000;34000;26;166;66;Left;3;4;78;78;82;80;88;81;76;76;78;45;68;64;12;8;14
259233;I. Moriba;RCC;Guinea;CM;78;83;21500000;26000;22;185;73;Right;4;4;66;68;65;73;73;80;78;77;78;77;81;71;9;14;12
258437;E. Emegha;RCS;Netherlands;ST;78;83;22000000;50000;22;195;82;Left;5;3;81;95;69;79;78;65;49;76;69;21;84;82;11;10;6
266096;Tomás Araújo;SLB;Portugal;CB;78;86;29000000;17000;23;187;81;Right;2;3;81;83;63;25;40;78;79;76;72;80;75;82;12;11;13
273463;João Gomes;WOL;Brazil;CDM;78;83;19500000;53000;24;176;74;Right;3;3;56;52;74;65;75;78;77;77;73;81;78;68;7;14;13
205812;P. Terracciano;ACM;Italy;GK;78;78;1600000;18000;35;193;78;Right;2;1;40;42;48;11;54;27;21;22;15;11;33;60;79;75;82
234205;H. Ito;BAY;Japan;CB;78;82;17500000;53000;26;188;84;Left;3;2;74;74;66;48;78;77;80;77;69;78;59;77;13;10;10
227055;Gelson Martins;OL3;Portugal;RM;78;78;13500000;35000;30;170;74;Right;2;4;90;84;90;68;74;75;65;82;83;51;74;42;12;9;9
235467;M. Moreno;LAN;Argentina;CAM;78;78;13500000;22000;30;168;65;Right;2;5;91;90;86;76;73;76;73;78;82;53;79;63;8;9;12
235633;Y. Diouf;OGC;Senegal;GK;78;83;16500000;16000;25;190;74;Right;3;1;52;48;48;8;57;35;30;21;13;11;44;62;78;75;80
264348;S. Rahimi;AL2;Morocco;LM;78;78;14000000;33000;29;181;79;Right;4;4;87;84;75;79;71;74;66;75;79;34;81;62;8;9;14
269087;L. Yoro;MUN;France;CB;78;86;28500000;49000;19;190;75;Right;3;2;65;72;55;38;51;75;58;69;60;82;69;75;13;7;14
232711;J. Stage;SVW;Denmark;CM;78;78;14000000;32000;28;185;83;Right;3;3;67;60;69;74;77;79;77;80;76;76;82;78;11;12;6
262842;M. Baturina;COM;Croatia;CAM;78;83;21500000;71000;22;172;68;Right;4;3;77;77;78;67;75;81;77;83;84;60;76;67;7;5;6
222104;T. Adarabioyo;CHE;England;CB;78;80;15000000;95000;27;197;80;Right;3;2;63;76;42;40;60;77;73;75;62;80;68;84;14;11;9
246174;H. Elliott;AVL;England;CAM;78;84;22500000;76000;22;168;64;Left;3;3;76;69;90;64;78;79;72;79;81;58;72;34;10;10;7
217998;C. Arango;SA2;Colombia;ST;78;78;14000000;12000;30;178;70;Right;3;3;77;74;75;82;78;78;70;79;77;28;74;76;6;14;13
243559;De Frutos;RAY;Spain;RM;78;78;14000000;28000;28;173;72;Right;4;4;80;82;79;76;80;75;70;77;79;38;79;57;13;8;14
211368;Bruma;SLB;Portugal;LW;78;78;13500000;23000;30;173;70;Right;3;4;91;86;90;79;77;70;61;80;81;27;70;56;11;13;8
262925;A. Zorgane;UNI;Algeria;CDM;78;80;16000000;24000;25;184;77;Right;4;3;59;49;67;67;79;79;79;78;75;73;90;83;14;11;12
214026;J. Mojica;RCD;Colombia;LB;78;78;9500000;33000;32;185;66;Left;2;3;86;90;69;62;80;77;72;75;75;77;63;69;13;8;15
252143;Daniel Bragança;SPO;Portugal;CM;78;81;18000000;21000;26;178;72;Left;2;4;76;81;77;76;66;82;79;82;80;71;70;58;6;12;11
241602;J. Arias;WOL;Colombia;RW;78;78;15000000;68000;27;172;66;Right;4;3;86;85;90;75;79;76;69;76;78;32;78;72;7;7;15
234678;J. Mæhle;VFL;Denmark;LB;78;78;12500000;46000;28;185;79;Right;3;3;77;73;70;50;65;77;69;79;74;74;83;74;12;8;8
238756;J. Larsen;WOL;Norway;ST;78;83;21000000;67000;25;194;79;Right;3;3;72;78;55;82;76;73;54;78;69;27;84;86;7;14;9
238160;M. Demiral;ALA;Türkiye;CB;78;81;16000000;40000;27;190;86;Right;2;2;66;78;63;32;60;64;61;63;57;82;69;85;15;7;11
256632;Luis Henrique;INT;Brazil;RM;78;83;21000000;28000;23;181;85;Right;3;3;85;94;71;74;77;74;63;75;80;52;75;81;9;5;15
256325;J. Šutalo;AJA;Croatia;CB;78;82;17500000;19000;25;185;82;Right;3;2;75;79;62;27;43;74;75;77;73;78;71;87;8;15;14
242238;O. Solet;UDI;France;CB;78;83;18500000;20000;25;192;88;Right;4;2;70;86;60;35;64;79;76;72;69;78;85;88;12;14;15
192387;C. Immobile;BOL;Italy;ST;78;78;6000000;42000;35;185;85;Right;4;3;68;68;68;79;82;75;57;77;76;33;67;72;6;8;6
240225;M. Safonov;PSG;Russia;GK;78;82;15000000;43000;26;192;82;Right;2;1;46;42;55;8;56;39;26;26;15;14;34;65;79;74;80
228413;E. Audero;CRE;Indonesia;GK;78;79;11000000;52000;28;192;83;Right;3;1;55;49;53;16;54;29;19;18;19;12;25;55;79;74;81
260926;K. Schade;BRE;Germany;LM;78;83;21000000;59000;23;185;74;Right;4;3;93;92;77;78;77;73;64;78;79;30;72;64;13;11;10
220746;A. Živković;PAO;Serbia;RM;78;78;14000000;35000;28;169;62;Left;3;4;84;80;80;74;78;74;70;81;82;61;74;58;9;11;6
74866;André;WOL;Brazil;CDM;78;83;19500000;53000;23;177;77;Right;3;2;62;55;74;53;69;78;80;77;77;78;76;67;5;5;7
236636;A. Caci;1.F;France;RB;78;78;12500000;31000;28;185;76;Right;5;3;70;73;68;57;63;74;74;76;71;77;90;72;11;9;8
252064;L. Krejčí;WOL;Czechia;CB;78;82;17500000;32000;26;191;87;Left;3;3;68;75;55;62;78;75;74;72;69;76;79;85;9;5;6
263620;R. Lavia;CHE;Belgium;CDM;78;85;27000000;69000;21;181;76;Right;3;3;71;68;76;43;63;79;76;78;77;78;65;77;7;7;13
240359;O. Alderete;SUN;Paraguay;CB;78;79;13500000;58000;28;188;77;Left;3;2;56;63;68;55;74;70;66;69;70;79;71;81;7;13;15
220821;C. Starfelt;RCC;Sweden;CB;78;78;11500000;30000;30;187;80;Right;3;2;68;78;67;25;52;76;66;69;68;79;74;80;8;15;8
270050;M. Biereth;ASM;Denmark;ST;78;85;29000000;32000;22;187;78;Right;3;3;69;79;64;83;78;69;58;75;70;23;73;79;10;10;6
259066;F. Boyomo;CAO;Cameroon;CB;78;85;26000000;29000;23;181;86;Right;2;2;72;75;61;35;52;70;60;70;31;80;80;83;10;11;8
265450;J. Bakayoko;RBL;Belgium;RW;78;85;28500000;47000;22;179;76;Left;3;4;87;83;86;74;69;72;58;81;83;35;70;68;7;14;9
198009;M. Perin;JUV;Italy;GK;78;78;7000000;62000;32;188;77;Right;3;1;57;56;53;11;53;33;31;23;19;12;30;52;78;78;78
241788;M. Taremi;OL3;Iran;ST;78;78;11500000;38000;32;187;83;Right;4;4;77;72;74;80;75;79;65;80;78;41;65;77;9;11;8
224031;A. Marušić;LAZ;Montenegro;RB;78;78;9500000;34000;32;185;81;Right;4;3;79;80;64;56;79;71;55;76;75;76;77;77;8;9;10
257711;R. Calafiori;ARS;Italy;LB;78;84;21000000;87000;23;188;86;Left;4;3;74;70;69;62;75;76;67;77;75;78;73;77;9;11;11
265526;G. Restes;TOU;France;GK;78;86;26500000;9000;20;188;82;Left;3;1;38;44;38;9;60;51;48;17;8;16;39;65;78;74;80
256261;M. Thiaw;NEW;Germany;CB;78;84;20000000;82000;23;194;89;Right;4;2;72;72;67;43;56;81;78;76;70;78;76;82;10;6;9
241187;L. Geertruida;SUN;Netherlands;CB;78;82;18000000;41000;24;185;84;Right;3;2;76;69;69;66;65;76;74;77;76;81;76;80;12;11;10
234200;A. El Mahdioui;ALT;Netherlands;CDM;78;78;12000000;33000;29;182;71;Right;4;3;69;63;75;44;66;80;80;79;68;75;90;75;10;9;12
230379;Vieirundinho;BOT;Brazil;CB;78;78;6500000;30000;33;189;84;Right;2;2;62;57;61;29;65;69;69;67;48;80;79;84;13;16;9
234575;Diogo Leite;1.2;Portugal;CB;78;81;16500000;35000;26;188;83;Left;3;2;55;71;63;30;59;73;70;68;59;81;80;78;7;5;10
230285;Pedrão Tofico;FLA;Brazil;CB;78;78;12000000;33000;29;190;88;Right;3;2;54;62;51;21;45;71;72;69;51;81;71;93;8;10;10
255106;L. Badé;B04;France;CB;78;84;19500000;61000;25;191;89;Right;3;2;54;66;56;45;59;74;63;75;63;81;65;84;7;6;7
240277;M. Gabbia;ACM;Italy;CB;78;83;18500000;41000;25;185;78;Right;3;2;43;53;56;22;59;71;61;70;53;84;81;70;11;5;14
204639;S. Savić;TRA;Montenegro;CB;78;78;4600000;51000;34;187;80;Right;3;2;53;65;54;34;45;70;71;65;47;78;67;82;14;13;12
230460;Jonatão Praz;FLA;Brazil;LW;78;78;15500000;34000;25;172;70;Left;4;4;81;75;79;74;60;79;75;77;82;38;58;49;14;8;9
208004;J. Veltman;BHA;Netherlands;RB;78;78;7500000;81000;33;184;75;Right;4;2;64;62;65;50;60;77;73;74;68;83;73;77;7;10;11
244261;L. Majer;VFL;Croatia;CM;78;79;16000000;46000;27;178;76;Left;3;4;76;65;84;71;76;82;79;84;83;58;84;65;9;12;6
240709;R. Baku;RBL;Germany;RM;78;78;15000000;50000;27;176;79;Right;4;3;85;78;84;71;77;75;70;78;82;74;76;74;12;8;9
243627;Y. Adli;ALS;France;CDM;78;83;19500000;28000;24;186;78;Right;3;3;72;69;71;66;73;82;86;81;78;76;64;67;14;12;14
224251;R. Zentner;1.F;Germany;GK;78;78;9500000;20000;30;194;96;Right;3;1;60;64;30;14;44;29;26;16;11;17;29;83;81;74;83
